Tray location,Substrate,Germ Date (NA=did not germinate)
10a1,Soil,NA
10a10,Soil,1/29/2016
10a11,Soil,12/5/2015
10a2,Soil,11/29/2015
10a3,Soil,NA
10a4,Soil,11/27/2015
10a5,Soil,12/17/2015
10a6,Soil,12/7/2015
10a7,Soil,12/5/2015
10a8,Soil,11/29/2015
10a9,Soil,NA
10b1,Soil,12/7/2015
10b10,Soil,12/5/2015
10b11,Soil,12/3/2015
10b2,Soil,11/29/2015
10b3,Soil,NA
10b4,Soil,12/5/2015
10b5,Soil,12/26/2015
10b6,Soil,12/7/2015
10b7,Soil,12/5/2015
10b8,Soil,12/1/2015
10b9,Soil,NA
10c1,Soil,12/5/2015
10c10,Soil,NA
10c11,Soil,12/5/2015
10c2,Soil,12/3/2015
10c3,Soil,NA
10c4,Soil,11/29/2015
10c5,Soil,12/17/2015
10c6,Soil,12/5/2015
10c7,Soil,12/5/2015
10c8,Soil,12/7/2015
10c9,Soil,12/1/2015
10d1,Soil,NA
10d10,Soil,12/5/2015
10d11,Soil,12/3/2015
10d2,Soil,12/1/2015
10d3,Soil,NA
10d4,Soil,11/27/2015
10d5,Soil,12/17/2015
10d6,Soil,12/7/2015
10d7,Soil,12/3/2015
10d8,Soil,12/5/2015
10d9,Soil,12/1/2015
10e1,Soil,NA
10e10,Soil,NA
10e2,Soil,12/9/2015
10e3,Soil,NA
10e4,Soil,12/7/2015
10e5,Soil,12/17/2015
10e6,Soil,12/7/2015
10e7,Soil,12/3/2015
10e8,Soil,NA
10e9,Soil,12/1/2015
10f1,Soil,NA
10f10,Soil,12/5/2015
10f2,Soil,11/27/2015
10f3,Soil,12/7/2015
10f4,Soil,11/29/2015
10f5,Soil,12/7/2015
10f6,Soil,12/11/2015
10f7,Soil,NA
10f8,Soil,12/1/2015
10f9,Soil,12/1/2015
11a1,Soil,NA
11a10,Soil,12/13/2015
11a11,Soil,NA
11a2,Soil,1/29/2016
11a3,Soil,NA
11a4,Soil,11/29/2015
11a5,Soil,12/26/2015
11a6,Soil,1/29/2016
11a7,Soil,1/29/2016
11a8,Soil,12/1/2015
11a9,Soil,12/1/2015
11b1,Soil,NA
11b10,Soil,11/29/2015
11b11,Soil,11/29/2015
11b2,Soil,11/29/2015
11b3,Soil,11/29/2015
11b4,Soil,11/29/2015
11b5,Soil,NA
11b6,Soil,12/5/2015
11b7,Soil,NA
11b8,Soil,11/29/2015
11b9,Soil,11/29/2015
11c1,Soil,NA
11c10,Soil,NA
11c11,Soil,11/29/2015
11c2,Soil,12/1/2015
11c3,Soil,12/13/2015
11c4,Soil,11/27/2015
11c5,Soil,12/23/2015
11c6,Soil,12/3/2015
11c7,Soil,12/5/2015
11c8,Soil,12/3/2015
11c9,Soil,11/29/2015
11d1,Soil,NA
11d10,Soil,11/29/2015
11d11,Soil,11/29/2015
11d2,Soil,11/29/2015
11d3,Soil,11/29/2015
11d4,Soil,11/29/2015
11d5,Soil,NA
11d6,Soil,12/3/2015
11d7,Soil,12/5/2015
11d8,Soil,12/3/2015
11d9,Soil,11/29/2015
11e1,Soil,NA
11e10,Soil,11/29/2015
11e2,Soil,11/27/2015
11e3,Soil,12/1/2015
11e4,Soil,NA
11e5,Soil,NA
11e6,Soil,12/23/2015
11e7,Soil,NA
11e8,Soil,11/29/2015
11e9,Soil,11/29/2015
11f1,Soil,NA
11f10,Soil,11/29/2015
11f2,Soil,11/27/2015
11f3,Soil,11/29/2015
11f4,Soil,11/27/2015
11f5,Soil,NA
11f6,Soil,12/3/2015
11f7,Soil,12/3/2015
11f8,Soil,NA
11f9,Soil,12/1/2015
12a1,Soil,NA
12a10,Soil,11/29/2015
12a11,Soil,12/3/2015
12a2,Soil,NA
12a3,Soil,12/1/2015
12a4,Soil,NA
12a5,Soil,12/13/2015
12a6,Soil,1/1/2016
12a7,Soil,12/5/2015
12a8,Soil,12/3/2015
12a9,Soil,12/3/2015
12b1,Soil,NA
12b10,Soil,12/1/2015
12b11,Soil,12/1/2015
12b2,Soil,NA
12b3,Soil,12/3/2015
12b4,Soil,12/1/2015
12b5,Soil,12/13/2015
12b6,Soil,12/7/2015
12b7,Soil,12/5/2015
12b8,Soil,12/3/2015
12b9,Soil,NA
12c1,Soil,12/5/2015
12c10,Soil,11/29/2015
12c11,Soil,11/29/2015
12c2,Soil,12/3/2015
12c3,Soil,NA
12c4,Soil,12/3/2015
12c5,Soil,12/13/2015
12c6,Soil,12/9/2015
12c7,Soil,12/17/2015
12c8,Soil,NA
12c9,Soil,12/1/2015
12d1,Soil,12/5/2015
12d10,Soil,11/29/2015
12d11,Soil,NA
12d2,Soil,11/29/2015
12d3,Soil,12/11/2015
12d4,Soil,11/29/2015
12d5,Soil,NA
12d6,Soil,12/7/2015
12d7,Soil,12/3/2015
12d8,Soil,NA
12d9,Soil,12/1/2015
12e1,Soil,12/7/2015
12e10,Soil,12/3/2015
12e2,Soil,12/5/2015
12e3,Soil,12/5/2015
12e4,Soil,11/29/2015
12e5,Soil,12/17/2015
12e6,Soil,NA
12e7,Soil,12/1/2015
12e8,Soil,12/3/2015
12e9,Soil,NA
12f1,Soil,NA
12f10,Soil,12/3/2015
12f2,Soil,12/5/2015
12f3,Soil,12/7/2015
12f4,Soil,12/3/2015
12f5,Soil,12/9/2015
12f6,Soil,1/1/2016
12f7,Soil,12/7/2015
12f8,Soil,12/7/2015
12f9,Soil,12/3/2015
13a1,Soil,1/11/2016
13a10,Soil,12/3/2015
13a11,Soil,NA
13a12,Soil,12/3/2015
13a2,Soil,12/3/2015
13a3,Soil,12/3/2015
13a4,Soil,12/17/2015
13a5,Soil,1/11/2016
13a6,Soil,12/29/2015
13a7,Soil,12/3/2015
13a8,Soil,12/3/2015
13a9,Soil,12/1/2015
13b1,Soil,12/29/2015
13b10,Soil,12/3/2015
13b11,Soil,NA
13b12,Soil,12/3/2015
13b2,Soil,NA
13b3,Soil,12/5/2015
13b4,Soil,12/3/2015
13b5,Soil,1/11/2016
13b6,Soil,12/26/2015
13b7,Soil,12/3/2015
13b8,Soil,12/1/2015
13b9,Soil,NA
13c1,Soil,12/3/2015
13c10,Soil,12/3/2015
13c11,Soil,12/5/2015
13c12,Soil,12/3/2015
13c2,Soil,12/3/2015
13c3,Soil,12/15/2015
13c4,Soil,12/29/2015
13c5,Soil,1/11/2016
13c6,Soil,12/26/2015
13c7,Soil,12/3/2015
13c8,Soil,11/29/2015
13c9,Soil,11/29/2015
13d1,Soil,12/3/2015
13d10,Soil,12/3/2015
13d12,Soil,11/29/2015
13d2,Soil,12/1/2015
13d3,Soil,12/3/2015
13d4,Soil,12/3/2015
13d5,Soil,12/17/2015
13d6,Soil,12/3/2015
13d7,Soil,12/3/2015
13d8,Soil,12/1/2015
13d9,Soil,11/29/2015
13e1,Soil,12/3/2015
13e10,Soil,11/29/2015
13e12,Soil,12/1/2015
13e2,Soil,12/1/2015
13e3,Soil,12/3/2015
13e4,Soil,12/3/2015
13e5,Soil,NA
13e6,Soil,12/7/2015
13e7,Soil,12/3/2015
13e8,Soil,11/29/2015
13e9,Soil,11/29/2015
13f1,Soil,12/9/2015
13f2,Soil,NA
13f3,Soil,12/1/2015
13f4,Soil,1/1/2016
13f5,Soil,1/11/2016
13f6,Soil,12/3/2015
13f7,Soil,12/3/2015
13f8,Soil,11/29/2015
13f9,Soil,11/27/2015
14a1,Soil,11/29/2015
14a10,Soil,11/29/2015
14a11,Soil,11/29/2015
14a12,Soil,12/1/2015
14a2,Soil,11/29/2015
14a3,Soil,12/1/2015
14a4,Soil,12/5/2015
14a5,Soil,12/11/2015
14a6,Soil,12/11/2015
14a7,Soil,12/5/2015
14a8,Soil,12/1/2015
14a9,Soil,11/27/2015
14b1,Soil,12/1/2015
14b10,Soil,NA
14b11,Soil,11/29/2015
14b12,Soil,11/29/2015
14b2,Soil,11/29/2015
14b3,Soil,12/3/2015
14b4,Soil,11/29/2015
14b5,Soil,12/11/2015
14b6,Soil,12/7/2015
14b7,Soil,12/5/2015
14b8,Soil,12/1/2015
14b9,Soil,NA
14c1,Soil,NA
14c10,Soil,11/29/2015
14c12,Soil,11/29/2015
14c2,Soil,11/29/2015
14c3,Soil,12/1/2015
14c4,Soil,11/29/2015
14c5,Soil,12/11/2015
14c6,Soil,12/11/2015
14c7,Soil,12/5/2015
14c8,Soil,NA
14c9,Soil,12/11/2015
14d1,Soil,NA
14d10,Soil,11/29/2015
14d12,Soil,11/27/2015
14d2,Soil,NA
14d3,Soil,12/1/2015
14d4,Soil,NA
14d5,Soil,12/11/2015
14d6,Soil,12/1/2015
14d7,Soil,11/29/2015
14d8,Soil,NA
14d9,Soil,11/29/2015
14e1,Soil,11/29/2015
14e10,Soil,11/29/2015
14e12,Soil,11/29/2015
14e2,Soil,12/1/2015
14e3,Soil,11/29/2015
14e4,Soil,12/3/2015
14e5,Soil,12/11/2015
14e6,Soil,12/1/2015
14e7,Soil,NA
14e8,Soil,11/27/2015
14e9,Soil,11/27/2015
14f1,Soil,12/1/2015
14f2,Soil,NA
14f3,Soil,11/29/2015
14f4,Soil,12/14/2015
14f5,Soil,12/9/2015
14f6,Soil,12/1/2015
14f7,Soil,12/5/2015
14f8,Soil,11/29/2015
14f9,Soil,11/27/2015
15a1,Soil,11/27/2015
15a10,Soil,11/27/2015
15a11,Soil,11/29/2015
15a12,Soil,11/27/2015
15a2,Soil,11/27/2015
15a3,Soil,11/27/2015
15a4,Soil,12/1/2015
15a5,Soil,NA
15a6,Soil,12/5/2015
15a7,Soil,12/1/2015
15a8,Soil,11/29/2015
15a9,Soil,NA
15b1,Soil,11/27/2015
15b10,Soil,11/27/2015
15b11,Soil,11/27/2015
15b12,Soil,11/27/2015
15b2,Soil,11/27/2015
15b3,Soil,NA
15b4,Soil,11/27/2015
15b5,Soil,12/5/2015
15b6,Soil,1/1/2016
15b7,Soil,11/29/2015
15b8,Soil,12/3/2015
15b9,Soil,11/27/2015
15c1,Soil,11/27/2015
15c10,Soil,11/27/2015
15c12,Soil,11/27/2015
15c2,Soil,11/27/2015
15c3,Soil,11/27/2015
15c4,Soil,11/27/2015
15c5,Soil,1/11/2016
15c6,Soil,12/5/2015
15c7,Soil,11/27/2015
15c8,Soil,11/27/2015
15c9,Soil,11/27/2015
15d1,Soil,11/27/2015
15d10,Soil,11/27/2015
15d12,Soil,11/27/2015
15d2,Soil,11/27/2015
15d3,Soil,11/27/2015
15d4,Soil,12/1/2015
15d5,Soil,1/11/2016
15d6,Soil,12/3/2015
15d7,Soil,11/27/2015
15d8,Soil,11/27/2015
15d9,Soil,11/27/2015
15e1,Soil,12/5/2015
15e10,Soil,11/29/2015
15e12,Soil,11/27/2015
15e2,Soil,11/27/2015
15e3,Soil,11/27/2015
15e4,Soil,12/7/2015
15e5,Soil,12/5/2015
15e6,Soil,11/29/2015
15e7,Soil,11/27/2015
15e8,Soil,11/29/2015
15e9,Soil,11/27/2015
15f1,Soil,11/27/2015
15f2,Soil,NA
15f3,Soil,12/6/2015
15f4,Soil,12/5/2015
15f5,Soil,12/5/2015
15f6,Soil,11/29/2015
15f7,Soil,11/27/2015
15f8,Soil,11/27/2015
15f9,Soil,11/27/2015
16a1,Soil,1/1/2016
16a10,Soil,11/27/2015
16a11,Soil,11/27/2015
16a12,Soil,11/27/2015
16a2,Soil,12/1/2015
16a3,Soil,11/27/2015
16a4,Soil,11/29/2015
16a5,Soil,12/23/2015
16a6,Soil,12/9/2015
16a7,Soil,11/29/2015
16a8,Soil,12/1/2015
16a9,Soil,11/29/2015
16b1,Soil,12/5/2015
16b10,Soil,11/27/2015
16b11,Soil,11/27/2015
16b12,Soil,11/29/2015
16b2,Soil,11/27/2015
16b3,Soil,NA
16b4,Soil,11/27/2015
16b5,Soil,NA
16b6,Soil,NA
16b7,Soil,11/29/2015
16b8,Soil,NA
16b9,Soil,12/1/2015
16c1,Soil,NA
16c10,Soil,11/27/2015
16c11,Soil,11/27/2015
16c12,Soil,11/29/2015
16c2,Soil,11/29/2015
16c3,Soil,NA
16c4,Soil,11/29/2015
16c5,Soil,12/9/2015
16c6,Soil,12/7/2015
16c7,Soil,11/29/2015
16c8,Soil,12/1/2015
16c9,Soil,12/1/2015
16d1,Soil,12/15/2015
16d10,Soil,11/27/2015
16d12,Soil,11/27/2015
16d2,Soil,11/29/2015
16d3,Soil,11/27/2015
16d4,Soil,11/27/2015
16d5,Soil,11/27/2015
16d6,Soil,11/29/2015
16d7,Soil,NA
16d8,Soil,12/1/2015
16d9,Soil,11/27/2015
16e1,Soil,NA
16e10,Soil,11/27/2015
16e12,Soil,11/27/2015
16e2,Soil,11/29/2015
16e3,Soil,11/27/2015
16e4,Soil,11/29/2015
16e5,Soil,12/7/2015
16e6,Soil,11/29/2015
16e7,Soil,12/5/2015
16e8,Soil,12/5/2015
16e9.1,Soil,11/27/2015
16e9.2,Soil,11/27/2015
16f1,Soil,1/29/2016
16f2,Soil,NA
16f3,Soil,11/27/2015
16f4,Soil,12/5/2015
16f5,Soil,12/11/2015
16f6,Soil,12/5/2015
16f7,Soil,12/5/2015
16f8,Soil,12/3/2015
16f9,Soil,11/27/2015
17a10,Soil,12/1/2015
17a11,Soil,12/3/2015
17a12,Soil,12/11/2015
17a5,Soil,NA
17a6,Soil,NA
17a7,Soil,1/11/2016
17a8,Soil,NA
17a9,Soil,12/7/2015
17b10,Soil,11/29/2015
17b11,Soil,12/3/2015
17b12,Soil,12/1/2015
17b5,Soil,NA
17b6,Soil,NA
17b7,Soil,1/11/2015
17b8,Soil,12/5/2015
17b9,Soil,12/5/2015
17c10,Soil,11/29/2015
17c11,Soil,12/1/2015
17c5,Soil,NA
17c6,Soil,NA
17c7,Soil,NA
17c8,Soil,NA
17c9,Soil,12/7/2015
17d10,Soil,11/29/2015
17d11,Soil,NA
17d5,Soil,NA
17d6,Soil,NA
17d7,Soil,NA
17d8,Soil,12/3/2015
17d9,Soil,12/5/2015
17e10,Soil,12/3/2015
17e11,Soil,NA
17e5,Soil,NA
17e6,Soil,1/11/2016
17e7,Soil,NA
17e8,Soil,12/3/2015
17e9,Soil,12/5/2015
17f10,Soil,12/5/2015
17f11,Soil,12/1/2015
17f5,Soil,NA
17f6,Soil,1/11/2016
17f7,Soil,1/11/2016
17f8,Soil,12/11/2015
17f9,Soil,11/29/2015
18a10,Soil,11/27/2015
18a11,Soil,NA
18a12,Soil,11/27/2015
18a5,Soil,NA
18a6,Soil,12/26/2015
18a7,Soil,12/9/2015
18a8,Soil,12/29/2015
18a9,Soil,NA
18b10,Soil,11/27/2015
18b11,Soil,11/29/2015
18b12,Soil,11/27/2015
18b5,Soil,12/7/2015
18b6,Soil,12/15/2015
18b7,Soil,12/13/2015
18b8,Soil,12/7/2015
18b9,Soil,12/17/2015
18c10,Soil,11/27/2015
18c11,Soil,11/29/2015
18c5,Soil,NA
18c6,Soil,NA
18c7,Soil,12/11/2015
18c8,Soil,12/13/2015
18c9,Soil,12/1/2015
18d10,Soil,12/3/2015
18d11,Soil,11/27/2015
18d5,Soil,NA
18d6,Soil,NA
18d7,Soil,12/9/2015
18d8,Soil,12/5/2015
18d9,Soil,12/5/2015
18e10,Soil,NA
18e11,Soil,11/27/2015
18e5,Soil,NA
18e6,Soil,12/11/2015
18e7,Soil,NA
18e8,Soil,12/3/2015
18e9,Soil,NA
18f10,Soil,12/1/2015
18f11,Soil,11/27/2015
18f5,Soil,NA
18f6,Soil,12/11/2015
18f7,Soil,12/11/2015
18f8,Soil,12/3/2015
18f9,Soil,11/29/2015
19a10,Soil,12/3/2015
19a11,Soil,12/3/2015
19a12,Soil,11/29/2015
19a5,Soil,11/27/2015
19a6,Soil,NA
19a7,Soil,12/11/2015
19a8,Soil,12/5/2015
19a9,Soil,12/3/2015
19b10,Soil,11/29/2015
19b11,Soil,12/3/2015
19b12,Soil,12/11/2015
19b5,Soil,NA
19b6,Soil,12/5/2015
19b7,Soil,12/11/2015
19b8,Soil,11/29/2015
19b9,Soil,12/1/2015
19c10,Soil,11/27/2015
19c11,Soil,NA
19c5,Soil,NA
19c6,Soil,NA
19c7,Soil,12/9/2015
19c8,Soil,12/1/2015
19c9,Soil,11/29/2015
19d10,Soil,11/29/2015
19d11,Soil,11/29/2015
19d5,Soil,NA
19d6,Soil,NA
19d7,Soil,12/7/2015
19d8,Soil,12/1/2015
19d9,Soil,11/29/2015
19e10,Soil,11/27/2015
19e11,Soil,11/29/2015
19e5,Soil,NA
19e6,Soil,12/11/2015
19e7,Soil,12/7/2015
19e8,Soil,12/1/2015
19e9,Soil,11/29/2015
19f10,Soil,11/29/2015
19f11,Soil,11/29/2015
19f5,Soil,NA
19f6,Soil,NA
19f7,Soil,12/5/2015
19f8,Soil,12/3/2015
19f9,Soil,11/27/2015
1a5,Soil,NA
1a6,Soil,12/1/2015
1a7,Soil,12/26/2015
1b5,Soil,NA
1b6,Soil,12/1/2015
1b7,Soil,12/26/2015
1c4,Soil,12/3/2015
1c5,Soil,12/1/2015
1c6,Soil,12/1/2015
1c7,Soil,12/1/2015
1d4,Soil,12/3/2015
1d5,Soil,NA
1d6,Soil,12/3/2015
1d7,Soil,12/3/2015
1e4,Soil,12/3/2015
1e5,Soil,12/5/2015
1e6,Soil,12/3/2015
1f4,Soil,12/13/2015
1f5,Soil,NA
1f6,Soil,12/4/2015
20a10,Soil,12/5/2015
20a11,Soil,12/1/2015
20a12,Soil,11/27/2015
20a5,Soil,NA
20a6,Soil,NA
20a7,Soil,12/23/2015
20a8,Soil,12/7/2015
20a9,Soil,12/5/2015
20b10,Soil,11/29/2015
20b11,Soil,12/1/2015
20b12,Soil,11/29/2015
20b5,Soil,NA
20b6,Soil,NA
20b7,Soil,12/15/2015
20b8,Soil,12/7/2015
20b9,Soil,12/3/2015
20c10,Soil,12/1/2015
20c11,Soil,11/29/2015
20c5,Soil,NA
20c6,Soil,NA
20c7,Soil,1/11/2016
20c8,Soil,12/29/2015
20c9,Soil,12/1/2015
20d10,Soil,12/3/2015
20d11,Soil,11/29/2015
20d5,Soil,NA
20d6,Soil,NA
20d7,Soil,12/17/2015
20d8,Soil,12/29/2015
20d9,Soil,12/5/2015
20e10,Soil,12/3/2015
20e11,Soil,11/29/2015
20e5,Soil,12/1/2015
20e6,Soil,12/17/2015
20e7,Soil,12/9/2015
20e8,Soil,11/29/2015
20e9,Soil,12/3/2015
20f10,Soil,12/5/2015
20f11,Soil,11/29/2015
20f5,Soil,NA
20f6,Soil,12/23/2015
20f7,Soil,12/23/2015
20f8,Soil,12/23/2015
20f9,Soil,11/29/2015
21a10,Soil,12/3/2015
21a2,Soil,NA
21a3,Soil,12/9/2015
21a4,Soil,12/21/2015
21a5,Soil,12/15/2015
21a6,Soil,NA
21a7,Soil,11/29/2015
21a8,Soil,NA
21a9,Soil,11/29/2015
21b10,Soil,12/3/2015
21b2,Soil,12/3/2015
21b3,Soil,NA
21b4,Soil,12/5/2015
21b5,Soil,NA
21b6,Soil,NA
21b7,Soil,NA
21b8,Soil,NA
21b9,Soil,12/5/2015
21c10,Soil,NA
21c2,Soil,12/9/2015
21c3,Soil,NA
21c4,Soil,12/5/2015
21c5,Soil,NA
21c6,Soil,NA
21c7,Soil,NA
21c8,Soil,11/29/2015
21c9,Soil,12/1/2015
21d1,Soil,NA
21d10,Soil,NA
21d2,Soil,NA
21d3,Soil,NA
21d4,Soil,12/5/2015
21d5,Soil,NA
21d6,Soil,1/29/2016
21d7,Soil,NA
21d8,Soil,11/29/2015
21d9,Soil,12/5/2015
21e1,Soil,12/3/2015
21e10,Soil,11/27/2015
21e2,Soil,12/7/2015
21e3,Soil,12/5/2015
21e4,Soil,12/5/2015
21e5,Soil,NA
21e6,Soil,11/27/2015
21e7,Soil,NA
21e8,Soil,11/29/2015
21e9,Soil,NA
21f1,Soil,12/7/2015
21f2,Soil,NA
21f3,Soil,1/11/2016
21f4,Soil,12/3/2015
21f5,Soil,NA
21f6,Soil,11/27/2015
21f7,Soil,NA
21f8,Soil,11/27/2015
21f9,Soil,12/1/2015
22a10,Soil,11/29/2015
22a2,Soil,NA
22a3,Soil,12/3/2015
22a4,Soil,12/9/2015
22a5,Soil,NA
22a6,Soil,12/17/2015
22a7,Soil,11/29/2015
22a8,Soil,NA
22a9,Soil,12/5/2015
22b10,Soil,12/3/2015
22b2,Soil,12/3/2015
22b3,Soil,NA
22b4,Soil,12/1/2015
22b5,Soil,NA
22b6,Soil,NA
22b7,Soil,12/3/2015
22b8,Soil,NA
22b9,Soil,12/1/2015
22c10,Soil,12/3/2015
22c2,Soil,12/1/2015
22c3,Soil,NA
22c4,Soil,12/1/2015
22c5,Soil,NA
22c6,Soil,12/17/2015
22c7,Soil,12/21/2016
22c8,Soil,11/29/2015
22c9,Soil,11/29/2015
22d1,Soil,NA
22d10,Soil,11/29/2015
22d2,Soil,12/3/2015
22d3,Soil,12/15/2015
22d4,Soil,12/3/2015
22d5,Soil,NA
22d6,Soil,NA
22d7,Soil,NA
22d8,Soil,11/27/2015
22d9,Soil,11/29/2015
22e1,Soil,12/7/2015
22e10,Soil,12/3/2015
22e2,Soil,12/5/2015
22e3,Soil,NA
22e4,Soil,12/1/2015
22e5,Soil,NA
22e6,Soil,NA
22e7,Soil,NA
22e8,Soil,11/27/2015
22e9,Soil,11/29/2015
22f1,Soil,12/5/2015
22f2,Soil,12/5/2015
22f3,Soil,NA
22f4,Soil,12/3/2015
22f5,Soil,NA
22f6,Soil,12/1/2015
22f7,Soil,12/9/2015
22f8,Soil,11/29/2015
22f9,Soil,11/29/2015
23a10,Soil,NA
23a2,Soil,NA
23a3,Soil,NA
23a4,Soil,NA
23a5,Soil,NA
23a6,Soil,NA
23a7,Soil,12/3/2015
23a8,Soil,1/29/2016
23a9,Soil,1/29/2016
23b10,Soil,11/29/2015
23b2,Soil,11/29/2015
23b3,Soil,NA
23b4,Soil,11/29/2015
23b5,Soil,NA
23b6,Soil,NA
23b7,Soil,12/1/2015
23b8,Soil,11/29/2015
23b9,Soil,NA
23c10,Soil,12/3/2015
23c2,Soil,11/29/2015
23c3,Soil,NA
23c4,Soil,11/29/2015
23c5,Soil,NA
23c6,Soil,NA
23c7,Soil,11/29/2015
23c8,Soil,12/5/2015
23c9,Soil,NA
23d1,Soil,NA
23d10,Soil,11/29/2015
23d2,Soil,11/29/2015
23d3,Soil,NA
23d4,Soil,11/29/2015
23d5,Soil,NA
23d6,Soil,NA
23d7,Soil,1/29/2016
23d8,Soil,11/29/2015
23d9,Soil,12/1/2015
23e1,Soil,12/3/2015
23e10,Soil,NA
23e2,Soil,12/4/2015
23e3,Soil,12/5/2015
23e4,Soil,11/29/2015
23e5,Soil,NA
23e6,Soil,NA
23e7,Soil,NA
23e8,Soil,11/29/2015
23e9,Soil,12/1/2015
23f1,Soil,NA
23f2,Soil,12/3/2015
23f3,Soil,12/1/2015
23f4,Soil,12/1/2015
23f5,Soil,NA
23f6,Soil,11/29/2015
23f7,Soil,11/27/2015
23f8,Soil,12/3/2015
23f9,Soil,12/5/2015
24a10,Soil,NA
24a2,Soil,NA
24a3,Soil,11/29/2015
24a4,Soil,11/29/2015
24a5,Soil,NA
24a6,Soil,NA
24a7,Soil,11/27/2015
24a8,Soil,12/3/2015
24a9,Soil,11/29/2015
24b10,Soil,11/29/2015
24b2,Soil,11/27/2015
24b3,Soil,NA
24b4,Soil,11/29/2015
24b5,Soil,NA
24b6,Soil,NA
24b7,Soil,11/27/2015
24b8,Soil,1/11/2016
24b9,Soil,11/27/2015
24c10,Soil,NA
24c2,Soil,11/29/2015
24c3,Soil,NA
24c4,Soil,12/1/2015
24c5,Soil,NA
24c6,Soil,NA
24c7,Soil,11/27/2015
24c8,Soil,NA
24c9,Soil,11/29/2015
24d1,Soil,NA
24d10,Soil,11/29/2015
24d2,Soil,NA
24d3,Soil,12/3/2015
24d4,Soil,11/29/2015
24d5,Soil,NA
24d6,Soil,NA
24d7,Soil,NA
24d8,Soil,NA
24d9,Soil,11/29/2015
24e1,Soil,NA
24e10,Soil,11/29/2015
24e2,Soil,11/29/2015
24e3,Soil,NA
24e4,Soil,11/29/2015
24e5,Soil,NA
24e6,Soil,NA
24e7,Soil,NA
24e8,Soil,11/27/2015
24e9,Soil,11/29/2015
24f1,Soil,NA
24f2,Soil,12/23/2015
24f3,Soil,12/5/2015
24f4,Soil,12/9/2015
24f5,Soil,NA
24f6,Soil,11/27/2015
24f7,Soil,12/26/2015
24f8,Soil,12/5/2015
24f9,Soil,12/3/2015
25a10,Soil,12/1/2015
25a11,Soil,12/26/2015
25a12,Soil,1/11/2016
25a2,Soil,NA
25a3,Soil,NA
25a4,Soil,1/11/2016
25a5,Soil,12/26/2015
25a6,Soil,NA
25a7,Soil,12/9/2015
25a8,Soil,12/7/2015
25a9,Soil,11/29/2015
25b10,Soil,12/1/2015
25b11,Soil,12/9/2015
25b12,Soil,NA
25b2,Soil,12/3/2015
25b3,Soil,NA
25b4,Soil,NA
25b5,Soil,1/11/2016
25b6,Soil,1/11/2016
25b7,Soil,1/11/2016
25b8,Soil,12/11/2015
25b9,Soil,11/29/2015
25c10,Soil,12/1/2015
25c11,Soil,11/29/2015
25c2,Soil,12/11/2015
25c3,Soil,NA
25c4,Soil,12/11/2015
25c5,Soil,NA
25c6,Soil,12/11/2015
25c7,Soil,12/11/2015
25c8,Soil,1/11/2016
25c9,Soil,11/29/2015
25d1,Soil,NA
25d10,Soil,12/7/2015
25d11,Soil,12/5/2015
25d2,Soil,12/26/2015
25d3,Soil,NA
25d4,Soil,NA
25d5,Soil,NA
25d6,Soil,1/11/2016
25d7,Soil,12/9/2015
25d8,Soil,1/1/2016
25d9,Soil,11/29/2015
25e1,Soil,NA
25e10,Soil,12/5/2015
25e11,Soil,12/3/2015
25e2,Soil,12/11/2015
25e3,Soil,12/7/2015
25e4,Soil,12/17/2015
25e5,Soil,NA
25e6,Soil,1/11/2016
25e7,Soil,12/7/2015
25e8,Soil,12/15/2015
25e9,Soil,12/5/2015
25f1,Soil,12/26/2015
25f10,Soil,NA
25f11,Soil,1/11/2016
25f2,Soil,12/5/2015
25f3,Soil,NA
25f4,Soil,12/7/2015
25f5,Soil,NA
25f6,Soil,1/11/2016
25f7,Soil,1/11/2016
25f8,Soil,12/11/2015
25f9,Soil,12/13/2015
26a10,Soil,12/1/2015
26a11,Soil,12/1/2015
26a12,Soil,12/1/2015
26a2,Soil,NA
26a3,Soil,12/1/2015
26a4,Soil,NA
26a5,Soil,NA
26a6,Soil,NA
26a7,Soil,11/29/2015
26a8,Soil,11/29/2015
26a9,Soil,11/29/2015
26b10,Soil,11/29/2015
26b11,Soil,12/1/2015
26b12,Soil,11/29/2015
26b2,Soil,11/29/2015
26b3,Soil,NA
26b4,Soil,11/29/2015
26b5,Soil,11/29/2015
26b6,Soil,12/1/2015
26b7,Soil,12/5/2015
26b8,Soil,11/29/2015
26b9,Soil,11/29/2015
26c10,Soil,12/5/2015
26c11,Soil,11/29/2015
26c2,Soil,12/3/2015
26c3,Soil,12/21/2015
26c4,Soil,
26c5,Soil,12/7/2015
26c6,Soil,NA
26c7,Soil,12/3/2015
26c8,Soil,11/29/2015
26c9,Soil,11/29/2015
26d1,Soil,NA
26d10,Soil,11/29/2015
26d11,Soil,11/29/2015
26d2,Soil,11/29/2015
26d3,Soil,12/5/2015
26d4,Soil,NA
26d5,Soil,12/1/2015
26d6,Soil,NA
26d7,Soil,12/5/2015
26d8,Soil,12/1/2015
26d9,Soil,11/29/2015
26e1,Soil,NA
26e10,Soil,11/29/2015
26e11,Soil,11/29/2015
26e2,Soil,11/29/2015
26e3,Soil,12/1/2015
26e4,Soil,11/29/2015
26e5,Soil,NA
26e6,Soil,12/5/2015
26e7,Soil,11/29/2015
26e8,Soil,12/5/2015
26e9,Soil,11/29/2015
26f1,Soil,11/29/2015
26f10,Soil,12/1/2015
26f11,Soil,12/5/2015
26f2,Soil,12/1/2015
26f3,Soil,12/1/2015
26f4,Soil,12/3/2015
26f5,Soil,NA
26f6,Soil,12/11/2015
26f7,Soil,12/7/2015
26f8,Soil,11/29/2015
26f9,Soil,11/29/2015
27a10,Soil,12/1/2015
27a11,Soil,12/3/2015
27a12,Soil,11/27/2015
27a2,Soil,NA
27a3,Soil,NA
27a4,Soil,11/29/2015
27a5,Soil,11/27/2015
27a6,Soil,NA
27a7,Soil,NA
27a8,Soil,12/1/2015
27a9,Soil,11/29/2015
27b10,Soil,12/3/2015
27b11,Soil,12/3/2015
27b12,Soil,11/27/2015
27b2,Soil,11/29/2015
27b3,Soil,NA
27b4,Soil,12/5/2015
27b5,Soil,NA
27b6,Soil,12/3/2015
27b7,Soil,1/11/2006
27b8,Soil,1/11/2016
27b9,Soil,1/11/2016
27c10,Soil,12/1/2015
27c11,Soil,12/1/2015
27c2,Soil,11/29/2015
27c3,Soil,NA
27c4,Soil,NA
27c5,Soil,NA
27c6,Soil,NA
27c7,Soil,12/5/2015
27c8,Soil,1/11/2016
27c9,Soil,12/1/2015
27d1,Soil,NA
27d10,Soil,11/27/2015
27d11,Soil,11/27/2015
27d2,Soil,12/1/2015
27d3,Soil,12/5/2015
27d4,Soil,NA
27d5,Soil,NA
27d6,Soil,12/1/2015
27d7,Soil,NA
27d8,Soil,NA
27d9,Soil,12/3/2015
27e1,Soil,NA
27e10,Soil,11/27/2015
27e11,Soil,11/29/2015
27e2,Soil,NA
27e3,Soil,NA
27e4,Soil,NA
27e5,Soil,NA
27e6,Soil,12/1/2015
27e7,Soil,12/1/2015
27e8,Soil,1/11/2016
27e9,Soil,11/29/2015
27f1,Soil,11/29/2015
27f10,Soil,12/5/2015
27f11,Soil,11/29/2015
27f2,Soil,12/1/2015
27f3,Soil,NA
27f4,Soil,NA
27f5,Soil,NA
27f6,Soil,12/1/2015
27f7,Soil,1/29/2016
27f8,Soil,12/5/2015
27f9,Soil,11/29/2015
28a10,Soil,12/3/2015
28a11,Soil,11/29/2015
28a12,Soil,NA
28a2,Soil,NA
28a3,Soil,NA
28a4,Soil,NA
28a5,Soil,12/5/2015
28a6,Soil,NA
28a7,Soil,NA
28a8,Soil,12/5/2015
28a9,Soil,12/3/2015
28b10,Soil,12/3/2015
28b11,Soil,12/1/2015
28b12,Soil,11/29/2015
28b2,Soil,12/1/2015
28b3,Soil,NA
28b4,Soil,12/3/2015
28b5,Soil,NA
28b6,Soil,NA
28b7,Soil,12/3/2015
28b8,Soil,11/27/2015
28b9,Soil,12/3/2015
28c10,Soil,12/5/2015
28c11,Soil,11/29/2015
28c2,Soil,12/1/2015
28c3,Soil,NA
28c4,Soil,NA
28c5,Soil,12/3/2015
28c6,Soil,NA
28c7,Soil,12/3/2015
28c8,Soil,11/27/2015
28c9,Soil,11/27/2015
28d1,Soil,NA
28d10,Soil,12/5/2015
28d11,Soil,12/1/2015
28d2,Soil,12/1/2015
28d3,Soil,12/5/2015
28d4,Soil,NA
28d5,Soil,12/5/2015
28d6,Soil,12/3/2015
28d7,Soil,11/29/2015
28d8,Soil,11/29/2015
28d9,Soil,11/27/2015
28e1,Soil,NA
28e10,Soil,11/29/2015
28e11,Soil,11/29/2015
28e2,Soil,NA
28e3,Soil,NA
28e4,Soil,12/3/2015
28e5,Soil,12/1/2015
28e6,Soil,11/29/2015
28e7,Soil,12/1/2015
28e8,Soil,11/29/2015
28e9,Soil,11/27/2015
28f1,Soil,12/9/2015
28f10,Soil,NA
28f11,Soil,12/5/2015
28f2,Soil,12/7/2015
28f3,Soil,NA
28f4,Soil,NA
28f5,Soil,NA
28f6,Soil,12/9/2015
28f7,Soil,12/7/2015
28f8,Soil,11/27/2015
28f9,Soil,11/27/2015
29a10,Soil,12/9/2015
29a11,Soil,12/7/2015
29a12,Soil,12/3/2015
29a2,Soil,12/5/2015
29a3,Soil,12/13/2015
29a4,Soil,11/29/2015
29a5,Soil,NA
29a6,Soil,NA
29a7,Soil,NA
29a8,Soil,12/3/2015
29a9,Soil,1/29/2016
29b10,Soil,12/9/2015
29b11,Soil,12/7/2015
29b12,Soil,NA
29b2,Soil,12/3/2015
29b3,Soil,12/11/2015
29b4,Soil,11/29/2015
29b5,Soil,12/13/2015
29b6,Soil,NA
29b7,Soil,12/21/2015
29b8,Soil,1/11/2016
29b9,Soil,12/17/2015
29c10,Soil,12/7/2015
29c11,Soil,12/7/2015
29c2,Soil,12/5/2015
29c3,Soil,12/7/2015
29c4,Soil,12/1/2015
29c5,Soil,NA
29c6,Soil,NA
29c7,Soil,12/3/2015
29c8,Soil,12/26/2015
29c9,Soil,12/26/2015
29d10,Soil,12/7/2015
29d11,Soil,11/29/2015
29d2,Soil,12/9/2015
29d3,Soil,12/7/2015
29d4,Soil,11/29/2015
29d5,Soil,NA
29d6,Soil,12/15/2015
29d7,Soil,NA
29d8,Soil,1/1/2016
29d9,Soil,1/11/2016
29e1,Soil,12/5/2015
29e10,Soil,12/3/2015
29e11,Soil,11/27/2015
29e2,Soil,12/9/2015
29e3,Soil,12/5/2015
29e4,Soil,12/1/2015
29e5,Soil,NA
29e6,Soil,12/26/2015
29e7,Soil,11/29/2015
29e8,Soil,1/1/2016
29e9,Soil,1/11/2016
29f1,Soil,12/7/2015
29f10,Soil,NA
29f11,Soil,11/29/2015
29f2,Soil,12/15/2015
29f3,Soil,12/5/2015
29f4,Soil,11/29/2015
29f5,Soil,NA
29f6,Soil,NA
29f7,Soil,11/29/2015
29f8,Soil,NA
29f9,Soil,12/7/2015
2a5,Soil,12/7/2015
2a6,Soil,12/5/2015
2a7,Soil,11/29/2015
2b5,Soil,NA
2b6,Soil,NA
2b7,Soil,12/5/2015
2c4,Soil,12/9/2015
2c5,Soil,12/3/2015
2c6,Soil,12/1/2015
2c7,Soil,12/3/2015
2d4,Soil,NA
2d5,Soil,12/9/2015
2d6,Soil,12/5/2015
2d7,Soil,12/3/2015
2e4,Soil,12/5/2015
2e5,Soil,11/29/2015
2e6,Soil,12/1/2015
2f4,Soil,12/5/2015
2f5,Soil,12/5/2015
2f6,Soil,12/3/2015
30a10,Soil,12/11/2015
30a11,Soil,12/5/2015
30a12,Soil,12/3/2015
30a2,Soil,12/3/2015
30a3,Soil,12/5/2015
30a4,Soil,12/7/2015
30a5,Soil,NA
30a6,Soil,NA
30a7,Soil,NA
30a8,Soil,11/29/2015
30a9,Soil,NA
30b10,Soil,12/5/2015
30b11,Soil,12/3/2015
30b12,Soil,11/29/2015
30b2,Soil,12/3/2015
30b3,Soil,12/5/2015
30b4,Soil,12/7/2015
30b5,Soil,NA
30b6,Soil,NA
30b7,Soil,NA
30b8,Soil,12/11/2015
30b9,Soil,12/13/2015
30c10,Soil,12/3/2015
30c11,Soil,12/3/2015
30c2,Soil,12/1/2015
30c3,Soil,11/29/2015
30c4,Soil,12/1/2015
30c5,Soil,NA
30c6,Soil,12/5/2015
30c7,Soil,NA
30c8,Soil,NA
30c9,Soil,12/11/2015
30d10,Soil,12/3/2015
30d11,Soil,11/27/2015
30d2,Soil,12/9/2015
30d3,Soil,12/3/2015
30d4,Soil,11/29/2015
30d5,Soil,NA
30d6,Soil,NA
30d7,Soil,11/27/2015
30d8,Soil,12/15/2015
30d9,Soil,NA
30e1,Soil,12/5/2015
30e10,Soil,12/3/2015
30e11,Soil,11/27/2015
30e2,Soil,12/5/2015
30e3,Soil,12/1/2015
30e4,Soil,11/29/2015
30e5,Soil,NA
30e6,Soil,NA
30e7,Soil,11/27/2015
30e8,Soil,12/11/2015
30e9,Soil,12/9/2015
30f1,Soil,12/5/2015
30f10,Soil,12/5/2015
30f11,Soil,11/27/2015
30f2,Soil,12/5/2015
30f3,Soil,12/3/2015
30f4,Soil,11/29/2015
30f5,Soil,NA
30f6,Soil,12/5/2015
30f7,Soil,12/3/2015
30f8,Soil,12/21/2015
30f9,Soil,12/15/2015
31a10,Soil,12/7/2015
31a11,Soil,12/7/2015
31a12,Soil,11/27/2015
31a2,Soil,11/29/2015
31a3,Soil,12/7/2015
31a4,Soil,12/7/2015
31a5,Soil,12/3/2015
31a6,Soil,12/23/2015
31a7,Soil,NA
31a8,Soil,11/27/2015
31a9,Soil,1/11/2016
31b10,Soil,12/3/2015
31b11,Soil,12/7/2015
31b12,Soil,11/27/2015
31b2,Soil,12/1/2015
31b3,Soil,12/3/2015
31b4,Soil,11/29/2015
31b5,Soil,NA
31b6,Soil,12/3/2015
31b7,Soil,NA
31b8,Soil,12/7/2015
31b9,Soil,12/9/2015
31c10,Soil,12/1/2015
31c11,Soil,12/1/2015
31c2,Soil,11/29/2015
31c3,Soil,11/29/2015
31c4,Soil,11/29/2015
31c5,Soil,NA
31c6,Soil,NA
31c7,Soil,NA
31c8,Soil,NA
31c9,Soil,1/11/2016
31d10,Soil,12/1/2015
31d11,Soil,11/27/2015
31d2,Soil,11/29/2015
31d3,Soil,11/29/2015
31d4,Soil,11/27/2015
31d5,Soil,NA
31d6,Soil,NA
31d7,Soil,11/29/2015
31d8,Soil,1/11/2016
31d9,Soil,12/9/2015
31e1,Soil,11/29/2015
31e10,Soil,11/29/2015
31e11,Soil,11/27/2015
31e2,Soil,12/1/2015
31e3,Soil,11/29/2015
31e4,Soil,11/29/2015
31e5,Soil,NA
31e6,Soil,NA
31e7,Soil,11/29/2015
31e8,Soil,1/11/2016
31e9,Soil,12/7/2015
31f1,Soil,11/29/2015
31f10,Soil,11/29/2015
31f11,Soil,11/27/2015
31f2,Soil,11/29/2015
31f3,Soil,11/29/2015
31f4,Soil,11/29/2015
31f5,Soil,1/11/2015
31f6,Soil,12/6/2015
31f7,Soil,12/1/2015
31f8,Soil,1/11/2016
31f9,Soil,12/1/2015
32a10,Soil,NA
32a11,Soil,12/5/2015
32a12,Soil,11/29/2015
32a2,Soil,11/29/2015
32a3,Soil,12/13/2015
32a4,Soil,11/29/2015
32a5,Soil,NA
32a6,Soil,NA
32a7,Soil,NA
32a8,Soil,12/3/2015
32a9,Soil,12/9/2015
32b10,Soil,12/5/2015
32b11,Soil,12/1/2015
32b12,Soil,11/29/2015
32b2,Soil,11/29/2015
32b3,Soil,12/1/2015
32b4,Soil,12/3/2015
32b5,Soil,12/26/2015
32b6,Soil,NA
32b7,Soil,NA
32b8,Soil,12/9/2015
32b9,Soil,12/15/2015
32c10,Soil,12/1/2015
32c11,Soil,12/1/2015
32c2,Soil,12/1/2015
32c3,Soil,12/3/2015
32c4,Soil,11/29/2015
32c5,Soil,NA
32c6,Soil,11/29/2015
32c7,Soil,NA
32c8,Soil,12/9/2015
32c9,Soil,12/26/2015
32d10,Soil,NA
32d11,Soil,NA
32d2,Soil,11/29/2015
32d3,Soil,11/29/2015
32d4,Soil,11/29/2015
32d5,Soil,NA
32d6,Soil,NA
32d7,Soil,11/29/2015
32d8,Soil,12/9/2015
32d9,Soil,NA
32e1,Soil,12/3/2015
32e10,Soil,NA
32e11,Soil,11/29/2015
32e2,Soil,12/5/2015
32e3,Soil,11/29/2015
32e4,Soil,11/29/2015
32e5,Soil,NA
32e6,Soil,NA
32e7,Soil,11/29/2015
32e8,Soil,12/9/2015
32e9,Soil,NA
32f1,Soil,12/5/2015
32f10,Soil,12/1/2015
32f11,Soil,11/29/2015
32f2,Soil,12/7/2015
32f3,Soil,11/29/2015
32f4,Soil,11/29/2015
32f5,Soil,11/29/2015
32f6,Soil,NA
32f7,Soil,11/29/2015
32f8,Soil,12/23/2015
32f9,Soil,12/23/2015
3a5,Soil,12/13/2015
3a6,Soil,11/27/2015
3a7,Soil,NA
3b5,Soil,NA
3b6,Soil,12/1/2015
3b7,Soil,NA
3c4,Soil,12/1/2015
3c5,Soil,12/1/2015
3c6,Soil,11/27/2015
3c7,Soil,NA
3d4,Soil,NA
3d5,Soil,NA
3d6,Soil,11/27/2015
3d7,Soil,12/1/2015
3e4,Soil,11/29/2015
3e5,Soil,NA
3e6,Soil,12/1/2015
3f4,Soil,12/3/2015
3f5,Soil,12/1/2015
3f6,Soil,NA
4a5,Soil,12/9/2015
4a6,Soil,1/11/2016
4a7,Soil,NA
4b5,Soil,NA
4b6,Soil,11/29/2015
4b7,Soil,NA
4c4,Soil,NA
4c5,Soil,12/9/2015
4c6,Soil,12/3/2015
4c7,Soil,12/5/2015
4d4,Soil,NA
4d5,Soil,12/1/2015
4d6,Soil,NA
4d7,Soil,NA
4e4,Soil,11/29/2015
4e5,Soil,11/29/2015
4e6,Soil,12/5/2015
4f4,Soil,NA
4f5,Soil,12/1/2015
4f6,Soil,12/7/2015
5a10,Soil,NA
5a11,Soil,NA
5a12,Soil,12/1/2015
5a3,Soil,NA
5a4,Soil,12/7/2015
5a5,Soil,12/5/2015
5a6,Soil,12/9/2015
5a8,Soil,12/3/2015
5a9,Soil,12/1/2015
5b10,Soil,11/29/2015
5b11,Soil,NA
5b12,Soil,11/27/2015
5b3,Soil,12/3/2015
5b4,Soil,12/7/2015
5b5,Soil,12/5/2015
5b6,Soil,12/3/2015
5b8,Soil,12/3/2015
5b9,Soil,12/1/2015
5c10,Soil,11/29/2015
5c11,Soil,11/29/2015
5c12,Soil,12/1/2015
5c3,Soil,12/3/2015
5c4,Soil,12/1/2015
5c5,Soil,12/1/2015
5c8,Soil,12/3/2015
5c9,Soil,NA
5d10,Soil,11/29/2015
5d11,Soil,11/29/2015
5d3,Soil,12/5/2015
5d4,Soil,NA
5d5,Soil,12/3/2015
5d8,Soil,11/29/2015
5d9,Soil,NA
5e10,Soil,11/29/2015
5e11,Soil,11/29/2015
5e3,Soil,12/9/2015
5e4,Soil,12/5/2015
5e5,Soil,NA
5e7,Soil,12/5/2015
5e8,Soil,NA
5e9,Soil,NA
5f10,Soil,11/29/2015
5f11,Soil,12/5/2015
5f3,Soil,NA
5f4,Soil,NA
5f5,Soil,12/9/2015
5f7,Soil,12/5/2015
5f8,Soil,12/1/2015
5f9,Soil,NA
6a10,Soil,NA
6a11,Soil,NA
6a12,Soil,12/7/2015
6a3,Soil,12/3/2015
6a4,Soil,NA
6a5,Soil,12/13/2015
6a6,Soil,NA
6a8,Soil,12/11/2015
6a9,Soil,NA
6b10,Soil,12/1/2015
6b11,Soil,11/29/2015
6b12,Soil,11/29/2015
6b3,Soil,11/29/2015
6b4,Soil,12/3/2015
6b5,Soil,12/3/2015
6b6,Soil,NA
6b8,Soil,11/29/2015
6b9,Soil,11/29/2015
6c10,Soil,12/1/2015
6c11,Soil,NA
6c12,Soil,12/3/2015
6c3,Soil,NA
6c4,Soil,NA
6c5,Soil,11/29/2015
6c8,Soil,11/29/2015
6c9,Soil,NA
6d10,Soil,11/29/2015
6d11,Soil,NA
6d3,Soil,11/29/2015
6d4,Soil,12/1/2015
6d5,Soil,12/5/2015
6d8,Soil,NA
6d9,Soil,NA
6e10,Soil,11/27/2015
6e11,Soil,NA
6e3,Soil,11/29/2015
6e4,Soil,NA
6e5,Soil,NA
6e7,Soil,NA
6e8,Soil,12/1/2015
6e9,Soil,NA
6f10,Soil,12/1/2015
6f11,Soil,11/29/2015
6f3,Soil,NA
6f4,Soil,11/27/2015
6f5,Soil,11/29/2015
6f7,Soil,12/11/2015
6f8,Soil,12/9/2015
6f9,Soil,NA
7a10,Soil,NA
7a11,Soil,11/27/2015
7a12,Soil,11/29/2015
7a3,Soil,12/1/2015
7a4,Soil,NA
7a5,Soil,11/27/2015
7a6,Soil,NA
7a8,Soil,11/29/2015
7a9,Soil,11/27/2015
7b10,Soil,11/27/2015
7b11,Soil,NA
7b12,Soil,11/29/2015
7b3,Soil,11/29/2015
7b4,Soil,12/3/2015
7b5,Soil,11/29/2015
7b6,Soil,1/11/2016
7b8,Soil,NA
7b9,Soil,11/27/2015
7c10,Soil,11/27/2015
7c11,Soil,11/29/2015
7c12,Soil,NA
7c3,Soil,NA
7c4,Soil,11/29/2015
7c5,Soil,11/27/2015
7c8,Soil,11/29/2015
7c9,Soil,NA
7d10,Soil,11/27/2015
7d11,Soil,11/27/2015
7d3,Soil,NA
7d4,Soil,11/29/2015
7d5,Soil,NA
7d8,Soil,11/27/2015
7d9,Soil,NA
7e10,Soil,11/27/2015
7e11,Soil,NA
7e3,Soil,NA
7e4,Soil,11/29/2015
7e5,Soil,NA
7e7,Soil,12/1/2015
7e8,Soil,11/27/2015
7e9,Soil,NA
7f10,Soil,11/29/2015
7f11,Soil,11/27/2015
7f3,Soil,12/3/2015
7f4,Soil,12/1/2015
7f5,Soil,NA
7f7,Soil,11/27/2015
7f8,Soil,12/1/2015
7f9,Soil,NA
8a10,Soil,11/27/2015
8a11,Soil,11/29/2015
8a12,Soil,11/27/2015
8a3,Soil,12/1/2015
8a4,Soil,11/27/2015
8a5,Soil,12/3/2015
8a6,Soil,NA
8a8,Soil,1/11/2016
8a9,Soil,11/27/2015
8b10,Soil,11/29/2015
8b11,Soil,NA
8b12,Soil,11/27/2015
8b3,Soil,12/1/2015
8b4,Soil,11/29/2015
8b5,Soil,11/29/2015
8b6,Soil,11/27/2015
8b8,Soil,11/27/2015
8b9,Soil,11/27/2015
8c10,Soil,11/27/2015
8c11,Soil,11/29/2015
8c12,Soil,11/29/2015
8c3,Soil,12/3/2015
8c4,Soil,11/27/2015
8c5,Soil,11/29/2015
8c8,Soil,11/29/2015
8c9,Soil,NA
8d10,Soil,11/29/2015
8d11,Soil,11/29/2015
8d3,Soil,12/1/2015
8d4,Soil,11/27/2015
8d5,Soil,11/27/2015
8d8,Soil,1/1/2016
8d9,Soil,11/27/2015
8e10,Soil,11/27/2015
8e11,Soil,11/27/2015
8e3,Soil,11/29/2015
8e4,Soil,12/3/2015
8e5,Soil,12/1/2015
8e7,Soil,11/27/2015
8e8,Soil,11/27/2015
8e9,Soil,11/27/2015
8f10,Soil,NA
8f11,Soil,11/27/2015
8f3,Soil,12/1/2015
8f4,Soil,11/27/2015
8f5,Soil,11/27/2015
8f7,Soil,11/27/2015
8f8,Soil,11/27/2015
8f9,Soil,NA
9a1,Soil,12/1/2015
9a10,Soil,12/7/2015
9a11,Soil,12/7/2015
9a12,Soil,12/7/2015
9a2,Soil,11/29/2015
9a3,Soil,12/7/2015
9a4,Soil,11/29/2015
9a5,Soil,1/11/2016
9a6,Soil,12/13/2015
9a7,Soil,12/7/2015
9a8,Soil,12/1/2015
9a9,Soil,12/1/2015
9b1,Soil,12/1/2015
9b10,Soil,12/7/2015
9b11,Soil,12/7/2015
9b2,Soil,12/1/2015
9b3,Soil,12/3/2015
9b4,Soil,12/3/2015
9b5,Soil,NA
9b6,Soil,12/11/2015
9b7,Soil,12/11/2015
9b8,Soil,12/5/2015
9b9,Soil,NA
9c1,Soil,12/7/2015
9c10,Soil,12/7/2015
9c11,Soil,12/7/2015
9c2,Soil,12/1/2015
9c3,Soil,NA
9c4,Soil,11/29/2015
9c5,Soil,1/11/2016
9c6,Soil,12/11/2015
9c7,Soil,12/13/2015
9c8,Soil,12/3/2015
9c9,Soil,NA
9d1,Soil,12/11/2015
9d10,Soil,12/9/2015
9d11,Soil,12/7/2015
9d2,Soil,12/7/2015
9d3,Soil,NA
9d4,Soil,NA
9d5,Soil,NA
9d6,Soil,12/17/2015
9d7,Soil,12/11/2015
9d8,Soil,NA
9d9,Soil,NA
9e1,Soil,12/3/2015
9e10,Soil,12/3/2015
9e11,Soil,12/5/2015
9e2,Soil,NA
9e3,Soil,NA
9e4,Soil,12/3/2015
9e5,Soil,1/11/2016
9e6,Soil,12/13/2015
9e7,Soil,12/13/2015
9e8,Soil,12/7/2015
9e9,Soil,NA
9f1,Soil,NA
9f10,Soil,12/9/2015
9f11,Soil,12/7/2015
9f2,Soil,12/13/2015
9f3,Soil,12/26/2015
9f4,Soil,12/1/2015
9f5,Soil,12/15/2015
9f6,Soil,12/17/2015
9f7,Soil,12/3/2015
9f8,Soil,12/3/2015
9f9,Soil,NA
1d12,Filter,NA
2d12,Filter,12/1/2015
3d12,Filter,NA
4d12,Filter,11/27/2015
5b23,Filter,NA
6b23,Filter,12/3/2015
7b23,Filter,NA
8b23,Filter,11/27/2015
1e12,Filter,NA
2e12,Filter,NA
3e12,Filter,NA
4e12,Filter,NA
5c23,Filter,NA
6c23,Filter,12/3/2015
7c23,Filter,NA
8c23,Filter,11/29/2015
1f12,Filter,NA
2f12,Filter,NA
3f12,Filter,NA
4f12,Filter,NA
5d23,Filter,NA
6d23,Filter,12/3/2015
7d23,Filter,NA
8d23,Filter,11/27/2015
1g12,Filter,NA
2g12,Filter,12/7/2015
3g12,Filter,11/29/2015
4g12,Filter,NA
5e23,Filter,NA
6e23,Filter,12/3/2015
7e23,Filter,NA
8e23,Filter,NA
1h12,Filter,NA
2h12,Filter,NA
3h12,Filter,11/29/2015
4h12,Filter,NA
5f23,Filter,NA
6f23,Filter,12/3/2015
7f23,Filter,NA
8f23,Filter,NA
1a13,Filter,NA
1b13,Filter,NA
1c13,Filter,NA
2a13,Filter,11/29/2015
2b13,Filter,11/29/2015
2c13,Filter,11/29/2015
3a13,Filter,11/29/2015
3b13,Filter,11/29/2015
3c13,Filter,11/29/2015
4a13,Filter,12/1/2015
4b13,Filter,12/3/2015
4c13,Filter,11/27/2015
5a24,Filter,NA
5g23,Filter,NA
5h23,Filter,NA
6a24,Filter,NA
6g23,Filter,12/1/2015
6h23,Filter,12/1/2015
7a24,Filter,11/27/2015
7g23,Filter,11/27/2015
7h23,Filter,11/27/2015
8a24,Filter,11/27/2015
8g23,Filter,11/27/2015
8h23,Filter,11/27/2015
1d13,Filter,NA
1d13,Filter,NA
2d13,Filter,NA
2e13,Filter,NA
3d13,Filter,11/29/2015
3e13,Filter,11/29/2015
4d13,Filter,11/27/2015
4e13,Filter,11/27/2015
5b24,Filter,NA
5c24,Filter,NA
6b24,Filter,12/1/2015
6c24,Filter,11/29/2015
7b24,Filter,11/27/2015
7c24,Filter,11/27/2015
8b24,Filter,11/29/2015
8c24,Filter,11/27/2015
11f7,Filter,NA
12f7,Filter,12/7/2015
1a14,Filter,NA
1e13,Filter,NA
1f13,Filter,NA
1g13,Filter,NA
1h13,Filter,NA
2a14,Filter,NA
2b14,Filter,NA
2f13,Filter,NA
2g13,Filter,NA
2h13,Filter,NA
3a14,Filter,NA
3b14,Filter,12/1/2015
3f13,Filter,11/29/2015
3g13,Filter,NA
3h13,Filter,NA
4a14,Filter,NA
4b14,Filter,12/1/2015
4f13,Filter,NA
4g13,Filter,NA
4h13,Filter,12/1/2015
5d24,Filter,NA
5e24,Filter,NA
5f24,Filter,NA
5g24,Filter,NA
5h24,Filter,NA
6d24,Filter,11/29/2015
6e24,Filter,12/1/2015
6f24,Filter,12/3/2015
6g24,Filter,NA
6h24,Filter,NA
7b5,Filter,NA
7d24,Filter,11/27]/2015
7e24,Filter,11/27/2015
7f24,Filter,11/27/2015
7g24,Filter,NA
7h24,Filter,NA
8b5,Filter,NA
8d24,Filter,11/27/2015
8e24,Filter,12/1/2015
8f24,Filter,11/29/2015
8g24,Filter,11/27/2015
8h24,Filter,11/27/2015
1b14,Filter,NA
1c14,Filter,NA
1d14,Filter,NA
1e14,Filter,NA
1f14,Filter,NA
2c14,Filter,NA
2d14,Filter,NA
2e14,Filter,NA
2f14,Filter,NA
2g14,Filter,NA
3c14,Filter,NA
3d14,Filter,NA
3e14,Filter,NA
3f14,Filter,NA
3g14,Filter,NA
4c14,Filter,11/29/2015
4d14,Filter,11/29/2015
4e14,Filter,11/29/2015
4f14,Filter,NA
4g14,Filter,12/1/2015
5a25A,Filter,NA
5a25B,Filter,NA
5a25C,Filter,NA
5a25D,Filter,NA
5a25E,Filter,NA
6a25A,Filter,12/5/2015
6a25B,Filter,NA
6a25C,Filter,NA
6a25D,Filter,NA
6a25E,Filter,NA
7a25A,Filter,12/5/2015
7a25B,Filter,NA
7a25C,Filter,NA
7a25D,Filter,NA
7a25E,Filter,NA
8a25A,Filter,11/27/2015
8a25B,Filter,NA
8a25C,Filter,NA
8a25D,Filter,NA
8a25E,Filter,NA
1a15,Filter,12/7/2015
1b15,Filter,12/7/2015
1c15,Filter,NA
1d15,Filter,NA
1h14,Filter,NA
2a15,Filter,NA
2b15,Filter,NA
2c15,Filter,NA
2d15,Filter,NA
2h14,Filter,NA
3a15,Filter,NA
3b15,Filter,NA
3c15,Filter,NA
3d15,Filter,12/1/2015
3h14,Filter,NA
4a15,Filter,NA
4b15,Filter,11/29/2015
4c15,Filter,NA
4d15,Filter,NA
4h14,Filter,11/29/2015
5b25A,Filter,NA
5b25B,Filter,NA
5b25C,Filter,NA
6b25A,Filter,11/29/2015
6b25B,Filter,12/3/2015
6b25C,Filter,NA
7b25A,Filter,NA
7b25B,Filter,NA
7b25C,Filter,NA
8b25A,Filter,NA
8b25B,Filter,NA
8b25C,Filter,NA
10g7,Filter,12/9/2015
11g7,Filter,12/3/2015
12g7,Filter,12/5/2015
1e15,Filter,NA
1f15,Filter,NA
1g15,Filter,NA
2e15,Filter,NA
2f15,Filter,NA
2g15,Filter,NA
3e15,Filter,NA
3f15,Filter,NA
3g15,Filter,NA
4e15,Filter,NA
4f15,Filter,11/29/2015
4g15,Filter,NA
5c25A,Filter,NA
5c25B,Filter,NA
5c25C,Filter,NA
5c5,Filter,12/9/2015
6c25A,Filter,NA
6c25B,Filter,NA
6c25C,Filter,NA
6c5,Filter,12/1/2015
7c25A,Filter,12/3/2015
7c25B,Filter,NA
7c25C,Filter,NA
7c5,Filter,NA
8c25A,Filter,NA
8c25B,Filter,NA
8c25C,Filter,NA
8c5,Filter,NA
9g7,Filter,NA
1a16,Filter,NA
1h15,Filter,NA
2a16,Filter,NA
2h15,Filter,NA
3a16,Filter,12/1/2015
3h15,Filter,NA
4a16,Filter,11/29/2015
4h15,Filter,NA
5d25,Filter,NA
6d25,Filter,NA
7d25,Filter,NA
8d25,Filter,NA
1c6,Filter,NA
1d6,Filter,NA
2c6,Filter,NA
2d6,Filter,NA
3c6,Filter,NA
3d6,Filter,NA
4c6,Filter,NA
4d6,Filter,NA
5b17,Filter,NA
5c17,Filter,NA
6b17,Filter,NA
6c17,Filter,NA
7b17,Filter,NA
7c17,Filter,NA
8b17,Filter,NA
8c17,Filter,NA
1e6,Filter,NA
2e6,Filter,NA
3e6,Filter,NA
4e6,Filter,NA
5d17,Filter,NA
6d17,Filter,12/1/2015
7d17,Filter,11/29/2015
8d17,Filter,NA
1f6,Filter,NA
2f6,Filter,NA
3f6,Filter,NA
4f6,Filter,NA
5e17,Filter,NA
6e17,Filter,NA
7e17,Filter,NA
8e17,Filter,12/3/2015
1g6,Filter,NA
2g6,Filter,12/9/2015
3g6,Filter,NA
4g6,Filter,12/11/2015
5f17,Filter,NA
6f17,Filter,NA
7f17,Filter,NA
8f17,Filter,NA
10c1,Filter,NA
11c1,Filter,NA
12c1,Filter,NA
1g25,Filter,NA
2g25,Filter,NA
3g25,Filter,NA
4g25,Filter,NA
9c1,Filter,NA
10d1,Filter,NA
11d1,Filter,NA
12d1,Filter,12/13/2015
1h25,Filter,NA
2h25,Filter,NA
3h25,Filter,NA
4h25,Filter,NA
9d1,Filter,NA
10e1,Filter,NA
11e1,Filter,11/29/2015
12e1,Filter,12/7/2015
1a26,Filter,12/3/2015
2a26,Filter,12/9/2015
3a26,Filter,NA
4a26,Filter,NA
9e1,Filter,NA
10f1,Filter,NA
11f1,Filter,12/13/2015
12f1,Filter,12/7/2015
1b26,Filter,NA
2b26,Filter,12/7/2015
3b26,Filter,NA
4b26,Filter,NA
9f1,Filter,NA
10g1,Filter,NA
11g1,Filter,NA
12g1,Filter,12/9/2015
1c26,Filter,NA
2c26,Filter,NA
3c26,Filter,NA
4c26,Filter,12/9/2015
9g1,Filter,NA
10h1,Filter,NA
11h1,Filter,NA
12h1,Filter,12/11/2015
1d26,Filter,NA
2d26,Filter,NA
3d26,Filter,NA
4d26,Filter,NA
9h1,Filter,NA
10a2,Filter,NA
11a2,Filter,12/7/2015
12a2,Filter,12/11/2015
1e26,Filter,NA
2e26,Filter,NA
3e26,Filter,NA
4e26,Filter,12/11/2015
9a2,Filter,NA
10b2,Filter,NA
11b2,Filter,12/7/2015
12b2,Filter,NA
1f26,Filter,NA
2f26,Filter,12/9/2015
3f26,Filter,NA
4f26,Filter,NA
9b2,Filter,NA
10c2,Filter,12/9/2015
11c2,Filter,NA
12c2,Filter,NA
1g26,Filter,NA
2g26,Filter,NA
3g26,Filter,NA
4g26,Filter,NA
9c2,Filter,12/13/2015
10d2,Filter,NA
11d2,Filter,NA
12d2,Filter,NA
1h26,Filter,NA
2h26,Filter,NA
3h26,Filter,12/9/2015
4h26,Filter,NA
9d2,Filter,NA
10e2A,Filter,NA
10e2B,Filter,NA
10e2C,Filter,NA
10e2D,Filter,NA
10e2E,Filter,NA
11e2A,Filter,NA
11e2B,Filter,NA
11e2C,Filter,NA
11e2D,Filter,NA
11e2E,Filter,NA
12e2A,Filter,12/13/2015
12e2B,Filter,NA
12e2C,Filter,NA
12e2D,Filter,12/7/2015
12e2E,Filter,12/7/2015
1a27,Filter,NA
1b27,Filter,NA
1c27,Filter,NA
1d27,Filter,NA
1e27,Filter,NA
2a27,Filter,NA
2b27,Filter,NA
2c27,Filter,NA
2d27,Filter,12/7/2015
2e27,Filter,NA
3a27,Filter,NA
3b27,Filter,NA
3d27,Filter,NA
3e27,Filter,NA
4a27,Filter,NA
4b27,Filter,NA
4c27,Filter,12/1/2015
4d27,Filter,NA
4e27,Filter,12/9/2015
7c27,Filter,11/27/2015
9e2A,Filter,NA
9e2B,Filter,NA
9e2C,Filter,NA
9e2D,Filter,NA
9e2E,Filter,NA
10f2A,Filter,12/9/2015
10f2B,Filter,NA
10f2C,Filter,NA
10f2D,Filter,NA
10f2E,Filter,NA
11f2A,Filter,12/7/2015
11f2B,Filter,NA
11f2C,Filter,NA
11f2D,Filter,NA
11f2E,Filter,NA
12f2A,Filter,12/7/2015
12f2B,Filter,12/11/2015
12f2C,Filter,12/11/2015
12f2D,Filter,NA
12f2E,Filter,NA
1a28,Filter,NA
1b28,Filter,NA
1f27,Filter,NA
1g27,Filter,NA
1h27,Filter,NA
2a28,Filter,NA
2b28,Filter,12/13/2015
2f27,Filter,NA
2g27,Filter,NA
2h27,Filter,NA
3a28,Filter,12/7/2015
3b28,Filter,NA
3f27,Filter,12/7/2015
3g27,Filter,12/9/2015
3h27,Filter,NA
4a28,Filter,NA
4b28,Filter,NA
4f27,Filter,NA
4g27,Filter,12/13/2015
4h27,Filter,NA
9f2A,Filter,NA
9f2B,Filter,NA
9f2C,Filter,NA
9f2D,Filter,NA
9f2E,Filter,NA
10g2,Filter,NA
11g2,Filter,12/13/2015
12g2,Filter,12/11/2015
1c28,Filter,NA
1d28,Filter,NA
1e28,Filter,NA
1f28,Filter,NA
1g28,Filter,NA
2c28,Filter,NA
2d28,Filter,NA
2e28,Filter,NA
2f28,Filter,NA
2g28,Filter,12/11/2015
3c28,Filter,NA
3d28,Filter,NA
3e28,Filter,NA
3f28,Filter,12/13/2015
3g28,Filter,12/13/2015
4c28,Filter,NA
4d28,Filter,12/11/2015
4e28,Filter,NA
4f28,Filter,12/7/2015
4g28,Filter,NA
9g2,Filter,NA
10h2,Filter,12/9/2015
11h2,Filter,NA
12h2,Filter,12/7/2015
1a29,Filter,NA
1b29,Filter,NA
1h28,Filter,NA
2a29,Filter,NA
2b29,Filter,12/11/2015
2h28,Filter,12/11/2015
3a29,Filter,NA
3b29,Filter,NA
3h28,Filter,12/7/2015
4a29,Filter,NA
4b29,Filter,12/13/2015
4h28,Filter,NA
9h2,Filter,NA
10a3,Filter,NA
11a3,Filter,12/7/2015
12a3,Filter,12/7/2015
1c29,Filter,NA
1d29,Filter,NA
2c29,Filter,NA
2d29,Filter,NA
3c29,Filter,NA
3d29,Filter,12/1/2015
4c29,Filter,NA
4d29,Filter,12/9/2015
9a3,Filter,NA
10b3,Filter,NA
11b3,Filter,12/7/2015
12b3,Filter,12/7/2015
1e29,Filter,NA
2e29,Filter,NA
3e29,Filter,NA
4e29,Filter,NA
9b3,Filter,NA
10c3,Filter,NA
11c3,Filter,NA
12c3,Filter,NA
1f29,Filter,NA
2f29,Filter,NA
3f29,Filter,12/9/2015
4f29,Filter,NA
9c3,Filter,NA
10d3,Filter,NA
11d3,Filter,NA
12d3,Filter,NA
1g29,Filter,NA
2g29,Filter,NA
3g29,Filter,12/7/2015
4g29,Filter,12/13/2015
9d3,Filter,NA
10e3,Filter,NA
11e3,Filter,12/7/2015
12e3,Filter,12/9/2015
1h29,Filter,NA
2h29,Filter,12/13/2015
3h29,Filter,12/7/2015
4h29,Filter,NA
9e3,Filter,NA
10f3,Filter,NA
11f3,Filter,12/9/2015
12f3,Filter,12/7/2015
5a1,Filter,NA
6a1,Filter,NA
7a1,Filter,11/29/2015
8a1,Filter,NA
9f3,Filter,NA
1h6,Filter,NA
2h6,Filter,NA
3h6,Filter,NA
4h6,Filter,NA
5g17,Filter,NA
6g17,Filter,NA
7g17,Filter,12/3/2015
8g17,Filter,NA
1a7,Filter,NA
2a7,Filter,12/7/2015
3a7,Filter,NA
4a7,Filter,NA
5h17,Filter,NA
6h17,Filter,NA
7h17,Filter,12/3/2015
8h17,Filter,NA
1b7,Filter,NA
2b7,Filter,12/11/2015
3b7,Filter,NA
4b7,Filter,NA
5a18,Filter,12/9/2015
6a18,Filter,NA
7a18,Filter,12/3/2015
8a18,Filter,12/9/2015
1c7,Filter,NA
2c7,Filter,NA
3c7,Filter,NA
4c7,Filter,NA
5b18,Filter,NA
6b18,Filter,12/3/2015
7b18,Filter,12/3/2015
8b18,Filter,12/9/2015
1d7,Filter,NA
2d7,Filter,NA
3d7,Filter,NA
4d7,Filter,NA
5c18,Filter,12/9/2015
6c18,Filter,NA
7c18,Filter,12/3/2015
8c18,Filter,12/9/2015
1a8,Filter,12/9/2015
1e7,Filter,NA
1f7,Filter,NA
1g7,Filter,NA
1h7,Filter,NA
2a8,Filter,12/5/2015
2e7,Filter,12/11/2015
2f7,Filter,NA
2g7,Filter,12/11/2015
2h7,Filter,NA
3a8,Filter,NA
3e7,Filter,NA
3f7,Filter,NA
3g7,Filter,NA
3h7,Filter,12/13/2015
4a8,Filter,NA
4e7,Filter,NA
4f7,Filter,NA
4g7,Filter,NA
4h7,Filter,NA
5d18,Filter,NA
5e18,Filter,NA
5f18,Filter,NA
5g18,Filter,NA
6d18,Filter,12/9/2015
6e18,Filter,NA
6f18,Filter,12/13/2015
6g18,Filter,12/9/2015
7d18,Filter,11/29/2015
7e18,Filter,12/3/2015
7f18,Filter,12/5/2015
7g18,Filter,12/3/2015
8d18,Filter,NA
8e18,Filter,12/9/2015
8f18,Filter,12/9/2015
8g18,Filter,NA
5b26,Filter,12/1/2015
5d26,Filter,11/27/2015
6b26,Filter,12/1/2015
6d26,Filter,12/5/2015
7b26,Filter,11/27/2015
7d26,Filter,11/27/2015
8b26,Filter,11/27/2015
8d26,Filter,11/27/2015
5e26,Filter,11/29/2015
6c27,Filter,12/3/2015
6c27,Filter,12/3/2015
6e26,Filter,12/5/2015
7c27,Filter,11/27/2015
7e26,Filter,12/1/2015
8c27,Filter,11/27/2015
8e26,Filter,11/27/2015
5d27,Filter,NA
5f26,Filter,11/29/2015
6d27,Filter,12/5/2015
6f26,Filter,12/5/2015
7d27,Filter,11/27/2015
7f26,Filter,11/27/2015
8d27,Filter,11/27/2015
8f26,Filter,11/29/2015
5e27,Filter,NA
5g26,Filter,12/3/2015
6e27,Filter,12/1/2015
6g26,Filter,12/5/2015
7e27,Filter,11/27/2015
7g26,Filter,12/1/2015
8e27,Filter,11/29/2015
8g26,Filter,11/27/2015
5f27,Filter,12/5/2015
6f27,Filter,12/1/2015
7f27,Filter,11/27/2015
8f27,Filter,11/29/2015
10e7,Filter,NA
11e7,Filter,NA
12e7,Filter,12/7/2015
5a5,Filter,NA
6a5,Filter,12/3/2015
7a5,Filter,NA
8a5,Filter,NA
9e7,Filter,NA
10f7,Filter,NA
5b5,Filter,NA
6b5,Filter,12/3/2015
9f7,Filter,NA
1a24,Filter,12/3/2015
1h23,Filter,NA
2a24,Filter,12/3/2015
2h23,Filter,12/1/2015
3a24,Filter,12/3/2015
3h23,Filter,12/1/2015
4a24,Filter,12/1/2015
4h23,Filter,11/29/2015
5g27,Filter,NA
5h27,Filter,NA
6g27,Filter,12/1/2015
6h27,Filter,12/1/2015
7g27,Filter,11/29/2015
7h27,Filter,11/29/2015
8g27,Filter,NA
8h27,Filter,NA
1b24,Filter,NA
2b24,Filter,12/3/2015
3b24,Filter,11/29/2015
4b24,Filter,NA
5a28,Filter,12/3/2015
6a28,Filter,NA
7a28,Filter,11/29/2015
8a28,Filter,11/29/2015
1c24,Filter,12/3/2015
1d24,Filter,NA
2c24,Filter,12/3/2015
2d24,Filter,NA
3c24,Filter,12/1/2015
3d24,Filter,12/1/2015
4c24,Filter,11/29/2015
4d24,Filter,NA
5b28,Filter,NA
5c28,Filter,NA
6b28,Filter,12/3/2015
6c28,Filter,12/5/2015
7b28,Filter,NA
7c28,Filter,NA
8b28,Filter,11/29/2015
8c28,Filter,11/29/2015
1e24,Filter,11/29/2015
1f24,Filter,12/1/2015
2e24,Filter,11/29/2015
2f24,Filter,12/1/2015
3e24,Filter,11/29/2015
3f24,Filter,12/1/2015
4e24,Filter,12/3/2015
4f24,Filter,12/5/2015
5d28A,Filter,11/29/2015
5d28B,Filter,12/3/2015
5d28C,Filter,12/3/2015
6d28A,Filter,12/3/2015
6d28B,Filter,NA
6d28C,Filter,NA
7d28A,Filter,11/29/2015
7d28B,Filter,12/3/2015
7d28C,Filter,12/3/2015
8d28A,Filter,NA
8d28B,Filter,NA
8d28C,Filter,NA
5e28,Filter,NA
6e28,Filter,12/1/2015
7e28,Filter,12/3/2015
8e28,Filter,11/27/2015
1g24,Filter,12/3/2015
2g24,Filter,12/1/2015
3g24,Filter,12/1/2015
4g24,Filter,11/29/2015
5f28,Filter,NA
6f28,Filter,12/1/2015
7f28,Filter,11/29/2015
8f28,Filter,12/1/2015
1h27,Filter,NA
2h27,Filter,NA
5g28,Filter,NA
6g28,Filter,12/1/2015
7g28,Filter,11/29/2015
8g28,Filter,12/1/2015
8h27,Filter,11/29/2015
5a27,Filter,12/3/2015
5h28,Filter,NA
6a27,Filter,NA
6h28,Filter,12/1/2015
7a27,Filter,11/27/2015
7h28,Filter,NA
8a27,Filter,NA
8h28,Filter,12/1/2015
5a29,Filter,11/29/2015
5b27,Filter,12/1/2015
6a29,Filter,11/27/2015
6b27,Filter,12/1/2015
7a29,Filter,NA
7b27,Filter,11/27/2015
8a29,Filter,11/29/2015
8b27,Filter,11/27/2015
1b25,Filter,11/29/2015
1c25,Filter,11/29/2015
1d25,Filter,12/1/2015
1h24,Filter,12/1/2015
2a25,Filter,11/29/2015
2b25,Filter,11/29/2015
2c25,Filter,11/29/2015
2d25,Filter,11/29/2015
2h24,Filter,12/1/2015
3a25,Filter,12/3/2015
3b25,Filter,12/3/2015
3c25,Filter,12/5/2015
3d25,Filter,12/1/2015
3h24,Filter,11/29/2015
4a25,Filter,11/29/2015
4b25,Filter,11/29/2015
4c25,Filter,11/29/2015
4d25,Filter,11/27/2015
4h24,Filter,11/29/2015
5b29,Filter,11/27/2015
6b29,Filter,11/27/2015
7b29,Filter,NA
8b29,Filter,11/29/2015
1a25,Filter,12/5/2015
5c29,Filter,11/27/2015
6c29,Filter,11/27/2015
7c29,Filter,NA
8c29,Filter,11/29/2015
1e25,Filter,12/1/2015
2e25,Filter,11/29/2015
3e25,Filter,12/1/2015
4e25,Filter,11/29/2015
5d29,Filter,11/27/2015
6d29,Filter,11/27/2015
7d29,Filter,NA
8d29,Filter,11/29/2015
1f25,Filter,12/5/2015
2f25,Filter,12/1/2015
3f25,Filter,NA
4f25,Filter,11/29/2015
5e29,Filter,11/27/2015
6e29,Filter,11/27/2015
7e29,Filter,NA
8e29,Filter,11/29/2015
5f29,Filter,11/27/2015
6f29,Filter,11/27/2015
7f29,Filter,NA
8f29,Filter,11/29/2015
5g29,Filter,12/1/2015
6g29,Filter,NA
7g29,Filter,NA
8g29,Filter,11/29/2015
5h29,Filter,12/1/2015
6h29,Filter,NA
7h29,Filter,NA
8h29,Filter,11/29/2015
10a1,Filter,11/27/2015
11a1,Filter,11/27/2015
12a1,Filter,11/27/2015
9a1,Filter,11/27/2015
10b1,Filter,11/27/2015
11b1,Filter,11/27/2015
12b1,Filter,11/27/2015
9b1,Filter,11/27/2015
1c11,Filter,NA
1d11,Filter,12/3/2015
1e11,Filter,12/3/2015
2c11,Filter,11/29/2015
2d11,Filter,12/1/2015
2e11,Filter,12/1/2015
3c11,Filter,NA
3d11,Filter,NA
3e11,Filter,11/29/2015
4c11,Filter,NA
4d11,Filter,NA
4e11,Filter,11/29/2015
5a22,Filter,11/29/2015
5b22,Filter,12/1/2015
5c22,Filter,12/1/2015
6a22,Filter,12/1/2015
6b22,Filter,12/1/2015
6c22,Filter,12/1/2015
7a22,Filter,11/27/2015
7b22,Filter,11/27/2015
7c22,Filter,11/27/2015
8a22,Filter,11/27/2015
8b22,Filter,11/29/2015
8c22,Filter,11/27/2015
1f11,Filter,NA
2f11,Filter,12/1/2015
3f11,Filter,NA
4f11,Filter,11/29/2015
5d22,Filter,11/29/2015
6d22,Filter,12/1/2015
7d22,Filter,11/27/2015
8d22,Filter,11/27/2015
1g11,Filter,12/3/2015
1h11,Filter,12/1/2015
2g11,Filter,12/1/2015
2h11,Filter,12/1/2015
3g1,Filter,NA
3h11,Filter,11/29/2015
4g11,Filter,11/29/2015
4h11,Filter,11/29/2015
5e22,Filter,11/29/2015
5f22,Filter,12/1/2015
6e22,Filter,12/1/2015
6f22,Filter,12/1/2015
7e22,Filter,11/27/2015
7f22,Filter,11/27/2015
8e22,Filter,11/27/2015
8f22,Filter,11/29/2015
1a12,Filter,NA
2a12,Filter,12/5/2015
3a12,Filter,12/5/2015
4a12,Filter,NA
5a23,Filter,12/1/2015
5g22,Filter,12/1/2015
5h22,Filter,12/1/2015
6a23,Filter,12/3/2015
6g22,Filter,12/1/2015
6h22,Filter,12/1/2015
7a23,Filter,11/27/2015
7g22,Filter,11/27/2015
7h22,Filter,11/27/2015
8a23,Filter,11/27/2015
8g22,Filter,11/29/2015
8h22,Filter,11/29/2015
1b12,Filter,NA
1c12,Filter,NA
2b12,Filter,12/1/2015
2c12,Filter,NA
3b12,Filter,NA
3c12,Filter,12/5/2015
4b12,Filter,NA
4c12,Filter,NA
1b16,Filter,12/1/2015
2b16,Filter,11/29/2015
3b16,Filter,11/27/2015
4b16,Filter,NA
5e25,Filter,12/3/2015
6e25,Filter,12/1/2015
7e25,Filter,11/29/2015
8e25,Filter,11/27/2015
1c16,Filter,12/3/2015
2c16,Filter,11/29/2015
3c16,Filter,11/27/2015
4c16,Filter,11/27/2015
5f25,Filter,12/3/2015
6f25,Filter,12/1/2015
7f25,Filter,11/27/2015
8f25,Filter,11/27/2015
1d16,Filter,12/1/2015
2d16,Filter,11/29/2015
3d16,Filter,11/29/2015
4d16,Filter,11/27/2015
5g25,Filter,12/5/2015
6g25,Filter,12/1/2015
7g25,Filter,11/29/2015
8g25,Filter,11/27/2015
1e16,Filter,12/1/2015
2e16,Filter,11/29/2015
3e16,Filter,11/27/2015
4e16,Filter,11/27/2015
5h25,Filter,NA
6h25,Filter,12/1/2015
7h25,Filter,11/27/2015
8h25,Filter,11/27/2015
5a26,Filter,NA
5c26,Filter,NA
6a26,Filter,12/3/2015
6c26,Filter,12/5/2015
7a26,Filter,12/1/2015
7c26,Filter,11/27/2015
8a26,Filter,11/27/2015
8c26,Filter,11/27/2015
1a17,Filter,11/29/2015
2a17,Filter,NA
3a17,Filter,NA
4a17,Filter,NA
1b17,Filter,NA
2b17,Filter,NA
3b17,Filter,NA
4b17,Filter,NA
5f10,Filter,NA
6f10,Filter,NA
7f10,Filter,NA
8f10,Filter,NA
1c17,Filter,11/29/2015
2c17,Filter,11/29/2015
3c17,Filter,12/1/2015
4c17,Filter,11/27/2015
5g10,Filter,NA
6g10,Filter,12/1/2015
7g10,Filter,11/27/2015
8g10,Filter,NA
1d17,Filter,NA
2d17,Filter,11/29/2015
3d17,Filter,NA
4d17,Filter,11/27/2015
5h10,Filter,NA
6h10,Filter,NA
7h10,Filter,12/1/2015
8h10,Filter,NA
1e17,Filter,12/1/2015
2e17,Filter,11/29/2015
3e17,Filter,12/1/2015
4e17,Filter,11/29/2015
5a11,Filter,12/1/2015
6a11,Filter,12/1/2015
7a11,Filter,11/27/2015
8a11,Filter,12/13/2015
1f17,Filter,NA
2f17,Filter,12/1/2015
3f17,Filter,NA
4f17,Filter,11/29/2015
5b11,Filter,12/1/2015
6b11,Filter,12/1/2015
7b11,Filter,11/27/2015
8b11,Filter,11/29/2015
1g17,Filter,12/5/2015
2g17,Filter,NA
3g17,Filter,NA
4g17,Filter,11/29/2015
5c11,Filter,12/5/2015
6c11,Filter,NA
7c11,Filter,11/27/2015
8c11,Filter,NA
1h17,Filter,NA
2h17,Filter,11/29/2015
3h17,Filter,NA
4h17,Filter,11/29/2015
5d11,Filter,12/3/2015
6d11,Filter,NA
7d11,Filter,NA
8d11,Filter,12/13/2015
1a18,Filter,NA
2a18,Filter,NA
3a18,Filter,NA
4a18,Filter,NA
5e11,Filter,NA
6e11,Filter,NA
7e11,Filter,11/29/2015
8e11,Filter,NA
1b18,Filter,12/1/2015
2b18,Filter,12/1/2015
3b18,Filter,NA
4b18,Filter,NA
5f11,Filter,NA
6f11,Filter,NA
7f11,Filter,NA
8f11,Filter,NA
1c18,Filter,NA
2c18,Filter,12/18/2015
3c18,Filter,NA
4c18,Filter,NA
5g11,Filter,NA
6g11,Filter,NA
7g11,Filter,NA
8g11,Filter,NA
1d18,Filter,12/3/2015
2d18,Filter,NA
3d18,Filter,NA
4d18,Filter,NA
5h11,Filter,NA
6h11,Filter,NA
7h11,Filter,NA
8h11,Filter,12/1/2015
1e18,Filter,NA
1f18,Filter,NA
2e18,Filter,12/9/2015
2f18,Filter,NA
3e18,Filter,NA
3f18,Filter,NA
4e18,Filter,NA
4f18,Filter,NA
5a12,Filter,12/3/2015
5b12,Filter,NA
6a12,Filter,12/3/2015
6b12,Filter,NA
7a12,Filter,NA
7b12,Filter,NA
8a12,Filter,NA
8b12,Filter,NA
1g18,Filter,NA
2g18,Filter,NA
3g18,Filter,NA
4g18,Filter,NA
5c12,Filter,12/7/2015
6c12,Filter,12/5/2015
7c12,Filter,NA
8c12,Filter,12/1/2015
1h18,Filter,NA
2h18,Filter,NA
3h18,Filter,NA
4h18,Filter,NA
5d12,Filter,NA
6d12,Filter,12/3/2015
7d12,Filter,11/29/2015
8d12,Filter,NA
1a19,Filter,NA
2a19,Filter,NA
3a19,Filter,NA
4a19,Filter,NA
5e12,Filter,12/5/2015
6e12,Filter,12/1/2015
7e12,Filter,NA
8e12,Filter,NA
1b19,Filter,NA
2b19,Filter,NA
3b19,Filter,NA
4b19,Filter,NA
5f12,Filter,NA
6f12,Filter,12/1/2015
7f12,Filter,11/27/2015
8f12,Filter,NA
1c19,Filter,12/1/2015
2c19,Filter,NA
3c19,Filter,12/1/2015
4c19,Filter,NA
5g12,Filter,NA
6g12,Filter,12/3/2015
7g12,Filter,11/27/2015
8g12,Filter,12/3/2015
1d19,Filter,NA
2d19,Filter,12/1/2015
3d19,Filter,NA
4d19,Filter,NA
5h12,Filter,12/3/2015
6h12,Filter,12/3/2015
7h12,Filter,12/1/2015
8h12,Filter,11/27/2015
1e19,Filter,12/3/2015
2e19,Filter,NA
3e19,Filter,12/3/2015
4e19,Filter,12/3/2015
5a13,Filter,NA
6a13,Filter,12/3/2015
7a13,Filter,NA
8a13,Filter,NA
1f19,Filter,NA
2f19,Filter,NA
3f19,Filter,NA
4f19,Filter,NA
5b13,Filter,NA
6b13,Filter,12/3/2015
7b13,Filter,11/27/2015
8b13,Filter,12/1/2015
1g19,Filter,NA
2g19,Filter,NA
3g19,Filter,NA
4g19,Filter,NA
5c13,Filter,NA
6c13,Filter,NA
7c13,Filter,NA
8c13,Filter,NA
1h19,Filter,NA
2h19,Filter,12/3/2015
3h19,Filter,NA
4h19,Filter,NA
5d13,Filter,NA
6d13,Filter,12/1/2015
7d13,Filter,12/5/2015
8d13,Filter,11/27/2015
1a20,Filter,NA
2a20,Filter,11/29/2015
3a20,Filter,12/1/2015
4a20,Filter,NA
5e13,Filter,12/3/2015
6e13,Filter,12/3/2015
7e13,Filter,NA
8e13,Filter,11/27/2015
1b20,Filter,12/1/2015
2b20,Filter,12/1/2015
3b20,Filter,NA
4b20,Filter,NA
5f13,Filter,NA
6f13,Filter,12/1/2015
7f13,Filter,11/27/2015
8f13,Filter,12/1/2015
1c20,Filter,12/1/2015
2c20,Filter,11/29/2015
3c20,Filter,11/27/2015
4c20,Filter,11/29/2015
5f13,Filter,NA
6g13,Filter,12/1/2015
7g13,Filter,11/27/2015
8g13,Filter,11/29/2015
1d20,Filter,12/1/2015
2d20,Filter,11/29/2015
3d20,Filter,NA
4d20,Filter,12/1/2015
5g13,Filter,12/1/2015
6h13,Filter,12/3/2015
7h13,Filter,11/27/2015
8h13,Filter,12/1/2015
1e20,Filter,11/29/2015
2e20,Filter,12/1/2015
3e20,Filter,11/29/2015
4e20,Filter,11/27/2015
5h13,Filter,NA
6a14,Filter,12/1/2015
7a14,Filter,11/27/2015
8a14,Filter,12/3/2015
1f20,Filter,12/3/2015
2f20,Filter,12/3/2015
3f20,Filter,11/27/2015
4f20,Filter,12/1/2015
5a14,Filter,12/1/2015
6b14,Filter,12/3/2015
7b14,Filter,12/3/2015
8b14,Filter,NA
1g20,Filter,11/29/2015
2g20,Filter,11/27/2015
3g20,Filter,12/1/2015
4g20,Filter,11/27/2015
5b14,Filter,NA
6c14,Filter,11/29/2015
7c14,Filter,11/27/2015
8c14,Filter,11/27/2015
1h20,Filter,NA
2h20,Filter,11/29/2015
3h20,Filter,11/29/2015
4h20,Filter,11/27/2015
5c14,Filter,12/1/2015
6d14,Filter,12/1/2015
7d14,Filter,11/27/2015
8d14,Filter,11/27/2015
1a21,Filter,NA
2a21,Filter,11/27/2015
3a21,Filter,11/27/2015
4a21,Filter,NA
5d14,Filter,12/1/2015
6e14,Filter,NA
7e14,Filter,11/27/2015
8e14,Filter,11/27/2015
1b21,Filter,NA
1c21,Filter,NA
2b21,Filter,NA
2c21,Filter,11/29/2015
3b21,Filter,12/3/2015
3c21,Filter,12/3/2015
4b21,Filter,NA
4c21,Filter,11/27/2015
5e14,Filter,12/1/2015
5f14,Filter,NA
6f14,Filter,12/3/2015
6g14,Filter,NA
7f14,Filter,11/27/2015
7g14,Filter,11/29/2015
8f14,Filter,11/27/2015
8g14,Filter,11/27/2015
1d21,Filter,12/3/2015
2d21,Filter,11/29/2015
3d21,Filter,12/3/2015
4d21,Filter,11/27/2015
5h14,Filter,NA
6h14,Filter,12/1/2015
7h14,Filter,11/27/2015
8h14,Filter,11/27/2015
1e21,Filter,12/1/2015
2e21,Filter,11/29/2015
3e21,Filter,NA
4e21,Filter,11/27/2015
5a15,Filter,12/1/2015
6a15,Filter,12/3/2015
7a15,Filter,11/29/2015
8a15,Filter,11/27/2015
1f21,Filter,11/29/2015
2f21,Filter,NA
3f21,Filter,12/3/2015
4f21,Filter,11/27/2015
5b15,Filter,12/3/2015
6b15,Filter,NA
7b15,Filter,11/29/2015
8b15,Filter,11/29/2015
1g21,Filter,11/29/2015
2g21,Filter,11/29/2015
3g21,Filter,12/3/2015
4g21,Filter,NA
5c15,Filter,12/3/2015
6c15,Filter,12/1/2015
7c15,Filter,11/27/2015
8c15,Filter,11/27/2015
1h21,Filter,11/29/2015
2h21,Filter,12/1/2015
3h21,Filter,11/29/2015
4h21,Filter,NA
5d15,Filter,12/1/2015
6d15,Filter,12/1/2015
7d15,Filter,11/29/2015
8d15,Filter,11/27/2015
1a22,Filter,11/29/2015
1b22,Filter,11/29/2015
2a22,Filter,11/29/2015
2b22,Filter,11/29/2015
3a22,Filter,11/27/2015
3b22,Filter,11/27/2015
4a22,Filter,11/27/2015
4b22,Filter,11/27/2015
5e15A,Filter,12/1/2015
5e15B,Filter,NA
6e15A,Filter,12/1/2015
6e15B,Filter,NA
7e15A,Filter,11/27/2015
7e15B,Filter,NA
8e15A,Filter,11/27/2015
8e15B,Filter,11/27/2015
1c22,Filter,11/29/2015
2c22,Filter,11/27/2015
3c22,Filter,11/29/2015
4c22,Filter,11/27/2015
5f15,Filter,12/3/2015
6f15,Filter,12/1/2015
7f15,Filter,11/27/2015
8f15,Filter,11/27/2015
1d22,Filter,11/29/2015
2d22,Filter,11/29/2015
3d22,Filter,NA
4d22,Filter,11/29/2015
5g15,Filter,12/1/2015
6g15,Filter,12/1/2015
7g15,Filter,11/27/2015
8g15,Filter,11/27/2015
1e22,Filter,11/29/2015
2e22,Filter,11/27/2015
3e22,Filter,11/29/2015
4e22,Filter,11/29/2015
5h15,Filter,12/1/2015
6h15,Filter,12/3/2015
7h15,Filter,11/27/2015
8h15,Filter,11/27/2015
1f22,Filter,NA
2f22,Filter,11/29/2015
3f22,Filter,12/1/2015
4f22,Filter,NA
5a16,Filter,NA
6a16,Filter,12/5/2015
7a16,Filter,11/27/2015
8a16,Filter,NA
1g22,Filter,NA
2g22,Filter,11/29/2015
3g22,Filter,12/1/2015
4g22,Filter,11/29/2015
5b16,Filter,12/3/2015
6b16,Filter,12/3/2015
7b16,Filter,NA
8b16,Filter,11/29/2015
1a23,Filter,12/1/2015
1h22,Filter,12/1/2015
2a23,Filter,12/3/2015
2h22,Filter,12/7/2015
3a23,Filter,12/1/2015
3h22,Filter,NA
4a23,Filter,11/29/2015
4h22,Filter,NA
5c16,Filter,12/5/2015
6c16,Filter,12/5/2015
7c16,Filter,11/29/2015
8c16,Filter,11/29/2015
1b23,Filter,12/1/2015
2b23,Filter,11/29/2015
3b23,Filter,11/29/2015
4b23,Filter,11/27/2015
5d16,Filter,12/1/2015
6d16,Filter,12/1/2015
7d16,Filter,11/29/2015
8d16,Filter,11/27/2015
1c23,Filter,12/3/2015
2c23,Filter,11/29/2015
3c23,Filter,12/1/2015
4c23,Filter,11/27/2015
5e16,Filter,NA
6e16,Filter,12/1/2015
7e16,Filter,NA
8e16,Filter,11/27/2015
1d23,Filter,11/29/2015
2d23,Filter,11/29/2015
3d23,Filter,12/1/2015
4d23,Filter,11/27/2015
5f16,Filter,12/5/2015
6f16,Filter,12/3/2015
7f16,Filter,11/29/2015
8f16,Filter,11/27/2015
1e23,Filter,11/29/2015
2e23,Filter,11/29/2015
3e23,Filter,11/27/2015
4e23,Filter,11/27/2015
5g16,Filter,NA
6g16,Filter,12/1/2015
7g16,Filter,11/29/2015
8g16,Filter,11/27/2015
1f23,Filter,NA
2f23,Filter,11/29/2015
3f23,Filter,11/27/2015
4f23,Filter,11/29/2015
5h16,Filter,12/3/2015
6h16,Filter,12/1/2015
7h16,Filter,11/29/2015
8h16,Filter,11/27/2015
1g23,Filter,12/1/2015
2g23,Filter,12/1/2015
3g23,Filter,11/27/2015
4g23,Filter,NA
5a17,Filter,NA
6a17,Filter,NA
7a17,Filter,11/29/2015
8a17,Filter,NA
1c2,Filter,NA
2c2,Filter,NA
3c2,Filter,NA
4c2,Filter,NA
5d6,Filter,NA
6d6,Filter,NA
7d6,Filter,12/3/2015
8d6,Filter,NA
1d2,Filter,12/3/2015
2d2,Filter,12/1/2015
3d2,Filter,12/1/2015
4d2,Filter,NA
5e6,Filter,12/5/2015
6e6,Filter,NA
7e6,Filter,11/29/2015
8e6,Filter,NA
1e2,Filter,12/5/2015
1f2,Filter,NA
2e2,Filter,12/1/2015
2f2,Filter,12/1/2015
3e2,Filter,11/27/2015
3f2,Filter,12/1/2015
4e2,Filter,NA
4f2,Filter,NA
5f6A,Filter,NA
5f6B,Filter,NA
6f6A,Filter,12/1/2015
6f6B,Filter,NA
7f6A,Filter,11/29/2015
7f6B,Filter,NA
8f6A,Filter,NA
8f6B,Filter,NA
1g2,Filter,12/3/2015
2g2,Filter,12/1/2015
3g2,Filter,11/27/2015
4g2,Filter,12/5/2015
5g6,Filter,12/5/2015
6g6,Filter,12/7/2015
7g6,Filter,11/29/2015
8g6,Filter,NA
1h2,Filter,12/3/2015
2h2,Filter,12/1/2015
3h2,Filter,11/27/2015
4h2,Filter,12/5/2015
5h6,Filter,NA
6h6,Filter,12/7/2015
7h6,Filter,11/27/2015
8h6,Filter,NA
1a3,Filter,12/3/2015
2a3,Filter,NA
3a3,Filter,11/29/2015
4a3,Filter,11/27/2015
5a7,Filter,NA
6a7,Filter,NA
7a7,Filter,11/29/2015
8a7,Filter,NA
1b3,Filter,12/3/2015
2b3,Filter,NA
3b3,Filter,11/27/2015
4b3,Filter,NA
5b7,Filter,NA
6b7,Filter,NA
7b7,Filter,11/29/2015
8b7,Filter,NA
1c3,Filter,12/7/2015
2c3,Filter,12/1/2015
3c3,Filter,11/27/2015
4c3,Filter,NA
5c7,Filter,NA
6c7,Filter,NA
7c7,Filter,11/27/2015
8c7,Filter,NA
1d3,Filter,NA
2d3,Filter,NA
3d3,Filter,NA
4d3,Filter,NA
5d7,Filter,12/1/2015
6d7,Filter,NA
7d7,Filter,NA
8d7,Filter,NA
10e6A,Filter,12/1/2015
10e6B,Filter,12/1/2015
10e6C,Filter,12/3/2015
10e6D,Filter,12/9/2015
10e6E,Filter,NA
11e6A,Filter,11/27/2015
11e6B,Filter,11/27/2015
11e6C,Filter,11/27/2015
11e6D,Filter,11/29/2015
11e6E,Filter,NA
12e6A,Filter,11/29/2015
12e6B,Filter,11/29/2015
12e6C,Filter,11/29/2015
12e6D,Filter,11/29/2015
12e6E,Filter,NA
5a4,Filter,12/1/2015
6a4A,Filter,12/1/2015
6a4B,Filter,NA
6a4C,Filter,NA
6a4D,Filter,NA
6a4E,Filter,NA
7a4A,Filter,11/27/2015
7a4B,Filter,11/27/2015
7a4C,Filter,11/27/2015
7a4D,Filter,11/27/2015
7a4E,Filter,11/27/2015
8a4A,Filter,11/27/2015
8a4B,Filter,12/3/2015
8a4C,Filter,12/5/2015
8a4D,Filter,12/5/2015
8a4E,Filter,NA
9e6A,Filter,12/9/2015
9e6B,Filter,12/9/2015
9e6C,Filter,12/9/2015
9e6D,Filter,NA
9e6E,Filter,NA
10f6,Filter,12/1/2015
11f6,Filter,11/29/2015
12f6,Filter,11/29/2015
5b4,Filter,12/1/2015
6b4,Filter,12/1/2015
7b4,Filter,11/27/2015
8b4,Filter,11/29/2015
9f6,Filter,12/9/2015
10c7,Filter,NA
10g6,Filter,11/29/2015
11c7,Filter,11/29/2015
11g6,Filter,11/27/2015
12c7,Filter,NA
12g6,Filter,11/29/2015
5c4,Filter,12/3/2015
6c4,Filter,12/1/2015
6g4,Filter,12/1/2015
7c4,Filter,11/27/2015
7g4,Filter,NA
8c4,Filter,12/1/2015
8g4,Filter,NA
9g6,Filter,12/9/2015
10d7,Filter,NA
10h6,Filter,11/29/2015
11d7,Filter,11/27/2015
11h6,Filter,11/27/2015
12d7,Filter,NA
12h6,Filter,11/29/2015
5d4,Filter,12/3/2015
5h4,Filter,NA
6d4,Filter,12/1/2015
6h4,Filter,12/1/2015
7d4,Filter,11/29/2015
7h4,Filter,NA
8d4,Filter,11/27/2015
8h4,Filter,11/29/2015
9d7,Filter,NA
9h6,Filter,12/9/2015
10a7,Filter,11/29/2015
11a7,Filter,11/27/2015
12a7,Filter,11/29/2015
5e4,Filter,12/1/2015
6e4,Filter,12/1/2015
7e4,Filter,11/27/2015
8e4,Filter,11/27/2015
9a7,Filter,12/9/2015
10b7,Filter,12/1/2015
11b7,Filter,11/27/2015
12b7,Filter,11/29/2015
5f4,Filter,12/1/2015
6f4,Filter,12/1/2015
7f4,Filter,11/27/2015
8f4,Filter,11/27/2015
9b7,Filter,12/9/2015
10h5,Filter,12/1/2015
11h5,Filter,11/27/2015
12h5,Filter,11/29/2015
5d3,Filter,12/3/2015
6d3,Filter,12/1/2015
7d3,Filter,11/29/2015
8d3,Filter,12/1/2015
9h5,Filter,12/9/2015
10a6,Filter,12/3/2015
11a6,Filter,11/29/2015
12a6,Filter,11/29/2015
5e3,Filter,12/9/2015
6e3,Filter,12/3/2015
7e3,Filter,11/29/2015
8e3,Filter,12/3/2015
9a6,Filter,12/13/2015
10b6,Filter,12/1/2015
11b6,Filter,11/29/2015
12b6,Filter,11/29/2015
5f3,Filter,NA
6f3,Filter,12/11/2015
7f3,Filter,11/29/2015
8f3,Filter,12/1/2015
9b6,Filter,NA
10c6,Filter,12/1/2015
11c6,Filter,11/27/2015
12c6,Filter,11/29/2015
5g3,Filter,12/9/2015
6g3,Filter,12/11/2015
7g3,Filter,12/1/2015
8g3,Filter,12/1/2015
9c6,Filter,12/11/2015
10d6,Filter,12/1/2015
11d6,Filter,11/27/2015
12d6,Filter,11/29/2015
5h3,Filter,12/5/2015
6h3,Filter,12/1/2015
7h3,Filter,11/27/2015
8h3,Filter,11/29/2015
9d6,Filter,12/9/2015
10c5,Filter,12/1/2015
11c5,Filter,11/27/2015
12c5,Filter,11/29/2015
5g2,Filter,12/3/2015
6g2,Filter,12/5/2015
7g2,Filter,11/29/2015
8g2,Filter,11/29/2015
9c5,Filter,12/5/2015
10d5,Filter,12/1/2015
11d5,Filter,11/27/2015
12d5,Filter,11/29/2015
5h2,Filter,12/3/2015
6h2,Filter,12/1/2015
7h2,Filter,11/29/2015
8h2,Filter,11/29/2015
9d5,Filter,12/3/2015
10e5,Filter,12/1/2015
11e5,Filter,NA
12e5,Filter,11/29/2015
5a3,Filter,12/5/2015
6a3,Filter,12/1/2015
7a3,Filter,11/27/2015
8a3,Filter,12/1/2015
9e5,Filter,12/9/2015
10f5,Filter,12/1/2015
11f5,Filter,11/27/2015
12f5,Filter,11/29/2015
5b3,Filter,12/9/2015
6b3,Filter,12/1/2015
7b3,Filter,11/29/2015
8b3,Filter,12/1/2015
9f5,Filter,12/3/2015
10g5,Filter,12/1/2015
11g5,Filter,11/27/2015
12g5,Filter,11/29/2015
5c3,Filter,12/1/2015
6c3,Filter,12/1/2015
7c3,Filter,11/27/2015
8c3,Filter,12/1/2015
9g5,Filter,12/9/2015
5g4,Filter,12/1/2015
9c7,Filter,NA
10g3,Filter,12/1/2015
11g3,Filter,NA
12g3,Filter,12/1/2015
5b1,Filter,12/7/2015
6b1,Filter,NA
7b1,Filter,11/29/2015
8b1,Filter,NA
9g3,Filter,NA
10h3,Filter,12/1/2015
11h3,Filter,NA
12h3,Filter,12/1/2015
5c1,Filter,12/7/2015
6c1,Filter,12/7/2015
7c1,Filter,11/29/2015
8c1,Filter,NA
9h3,Filter,NA
10a4,Filter,12/1/2015
11a4,Filter,12/7/2015
12a4,Filter,12/1/2015
5d1,Filter,12/7/2015
6d1,Filter,NA
7d1,Filter,11/29/2015
8d1,Filter,NA
9a4,Filter,NA
10b4,Filter,12/1/2015
11b4,Filter,12/7/2015
12b4,Filter,12/1/2015
5e1,Filter,12/1/2015
6e1,Filter,NA
7e1,Filter,11/29/2015
8e1,Filter,NA
9b4,Filter,NA
10c4,Filter,12/1/2015
11c4,Filter,11/29/2015
12c4,Filter,12/1/2015
5f1,Filter,12/7/2015
6f1,Filter,12/7/2015
7f1,Filter,11/29/2015
8f1,Filter,NA
9c4,Filter,NA
1b8,Filter,NA
1c8,Filter,NA
1d8,Filter,NA
2b8,Filter,11/29/2015
2c8,Filter,12/1/2015
3b8,Filter,NA
3c8,Filter,NA
4b8,Filter,NA
4c8,Filter,NA
5a19,Filter,12/5/2015
5b19,Filter,12/3/2015
5h18,Filter,12/3/2015
6a19,Filter,NA
6h18,Filter,12/9/2015
7a19,Filter,11/29/2015
7h18,Filter,12/1/2015
8a19,Filter,12/9/2015
8h18,Filter,NA
1e8,Filter,12/5/2015
2d8,Filter,12/3/2015
2e8,Filter,12/3/2015
3d8,Filter,NA
3e8,Filter,12/3/2015
4d8,Filter,NA
4e8,Filter,NA
5c19,Filter,12/5/2015
6b19,Filter,NA
6c19,Filter,NA
7b19,Filter,11/29/2015
7c19,Filter,11/29/2015
8b19,Filter,12/5/2015
8c19,Filter,NA
1f8,Filter,12/5/2015
2f8,Filter,12/3/2015
3f8,Filter,12/3/2015
4f8,Filter,NA
5d19,Filter,12/5/2015
6d19,Filter,NA
7d19,Filter,11/29/2015
8d19,Filter,12/13/2015
1g8,Filter,12/3/2015
2g8,Filter,11/29/2015
3g8,Filter,12/5/2015
4g8,Filter,NA
5e19,Filter,12/3/2015
6e19,Filter,12/1/2015
7e19,Filter,12/1/2015
8e19,Filter,NA
1h8,Filter,12/3/2015
2h8,Filter,12/1/2015
3h8,Filter,12/3/2015
4h8,Filter,NA
5f19,Filter,12/3/2015
6f19,Filter,NA
7f19,Filter,12/1/2015
8f19,Filter,NA
1a9,Filter,12/3/2015
2a9,Filter,12/3/2015
3a9,Filter,NA
4a9,Filter,NA
5g19,Filter,12/3/2015
6g19,Filter,NA
7g19,Filter,12/1/2015
8g19,Filter,NA
1b9,Filter,12/3/2015
2b9,Filter,12/1/2015
3b9,Filter,11/29/2015
4b9,Filter,NA
5h19,Filter,12/3/2015
6h19,Filter,12/9/2015
7h19,Filter,11/29/2015
8h19,Filter,12/5/2015
1c9,Filter,12/5/2015
2c9,Filter,12/1/2015
3c9,Filter,NA
4c9,Filter,NA
5a20,Filter,12/3/2015
6a20,Filter,12/5/2015
7a20,Filter,11/29/2015
8a20,Filter,NA
1d9,Filter,12/5/2015
2d9,Filter,12/3/2015
3d9,Filter,NA
4d9,Filter,NA
5b20,Filter,12/3/2015
6b20,Filter,12/5/2015
7b20,Filter,11/29/2015
8b20,Filter,NA
1e9,Filter,12/5/2015
2e9,Filter,12/1/2015
3e9,Filter,NA
4e9,Filter,12/7/2015
5c20,Filter,12/3/2015
6c20,Filter,12/5/2015
7c20,Filter,11/29/2015
8c20,Filter,NA
1f9,Filter,12/3/2015
2f9,Filter,12/1/2015
3f9,Filter,12/3/2015
4f9,Filter,12/3/2015
5d20,Filter,12/3/2015
6d20,Filter,12/3/2015
7d20,Filter,12/1/2015
8d20,Filter,NA
1g9,Filter,12/3/2015
2g9,Filter,12/1/2015
3g9,Filter,NA
4g9,Filter,NA
5e20,Filter,12/3/2015
6e20,Filter,12/3/2015
7e20,Filter,12/1/2015
8e20,Filter,12/1/2015
1h9,Filter,12/1/2015
2h9,Filter,12/1/2015
3h9,Filter,12/3/2015
4h9,Filter,NA
5f20,Filter,12/3/2015
6f20,Filter,12/3/2015
7f20,Filter,11/29/2015
8f20,Filter,11/29/2015
10d4,Filter,11/29/2015
12d4,Filter,11/27/2015
5g1,Filter,11/29/2015
6g1,Filter,NA
7g1,Filter,11/27/2015
8g1,Filter,11/29/2015
9d4,Filter,NA
10e4,Filter,NA
11e4,Filter,12/7/2015
12e4,Filter,11/27/2015
9e4,Filter,NA
10f4,Filter,11/29/2015
11f4,Filter,11/29/2015
12f4,Filter,11/27/2015
5h1,Filter,12/3/2015
6h1,Filter,NA
7h1,Filter,11/29/2015
8h1,Filter,11/29/2015
9f4,Filter,12/1/2015
10g4,Filter,12/3/2015
11g4,Filter,11/27/2015
12g4,Filter,11/27/2015
5a2,Filter,12/1/2015
6a2,Filter,12/1/2015
7a2,Filter,11/29/2015
8a2,Filter,12/1/2015
9g4,Filter,12/1/2015
10h4,Filter,11/29/2015
11h4,Filter,NA
12h4,Filter,11/27/2015
5b2,Filter,11/29/2015
6b2,Filter,NA
7b2,Filter,12/1/2015
8b2,Filter,12/1/2015
9h4,Filter,12/1/2015
10a5,Filter,NA
11a5,Filter,11/27/2015
12a5,Filter,11/29/2015
5c2,Filter,12/3/2015
6c2,Filter,NA
7c2,Filter,NA
8c2,Filter,12/1/2015
9a5,Filter,12/1/2015
10b5,Filter,11/29/2015
11b5,Filter,11/27/2015
12b5,Filter,11/27/2015
5d2,Filter,NA
5e2,Filter,NA
5f2,Filter,12/3/2015
6d2,Filter,NA
6e2,Filter,NA
6f2,Filter,NA
7d2,Filter,11/27/2015
7e2,Filter,11/27/2015
7f2,Filter,NA
8d2,Filter,NA
8e2,Filter,12/1/2015
8f2,Filter,12/1/2015
9b5,Filter,12/5/2015
1a10,Filter,11/29/2015
2a10,Filter,NA
3a10,Filter,NA
4a10,Filter,NA
5g20,Filter,12/3/2015
6g20,Filter,12/5/2015
7g20,Filter,NA
8g20,Filter,12/3/2015
1b10,Filter,11/29/2015
2b10,Filter,11/29/2015
3b10,Filter,NA
4b10,Filter,NA
5h20,Filter,12/1/2015
6h20,Filter,12/5/2015
7h20,Filter,NA
8h20,Filter,12/1/2015
1c10,Filter,11/29/2015
2c10,Filter,11/29/2015
3c10,Filter,NA
4c10,Filter,NA
5a21,Filter,12/1/2015
6a21,Filter,12/1/2015
7a21,Filter,12/1/2015
8a21,Filter,NA
1d10,Filter,11/29/2015
2d10,Filter,11/29/2015
3d10,Filter,NA
4d10,Filter,NA
5b21,Filter,12/1/2015
6b21,Filter,12/1/2015
7b21,Filter,12/1/2015
8b21,Filter,NA
1e10,Filter,12/1/2015
2e10,Filter,11/29/2015
3e10,Filter,12/1/2015
4e10,Filter,NA
5c21,Filter,11/29/2015
6c21,Filter,12/1/2015
7c21,Filter,11/27/2015
8c21,Filter,11/27/2015
1f10,Filter,12/1/2015
2f10,Filter,12/1/2015
3f10,Filter,11/29/2015
4f10,Filter,NA
5d21,Filter,11/27/2015
6d21,Filter,12/1/2015
7d21,Filter,11/27/2015
8d21,Filter,11/29/2015
1g10,Filter,12/3/2015
2g10,Filter,12/1/2015
3g10,Filter,12/1/2015
4g10,Filter,NA
5e21,Filter,12/1/2015
6e21,Filter,12/1/2015
7e21,Filter,11/27/2015
8e21,Filter,11/27/2015
1h10,Filter,12/1/2015
2h10,Filter,12/1/2015
3h10,Filter,11/29/2015
4h10,Filter,12/3/2015
5f21,Filter,12/1/2015
6f21,Filter,12/1/2015
7f21,Filter,11/27/2015
8f21,Filter,11/29/2015
1a11,Filter,11/29/2015
2a11,Filter,12/1/2015
3a11,Filter,NA
4a11,Filter,NA
5g21,Filter,12/1/2015
6g21,Filter,12/1/2015
7g21,Filter,11/29/2015
8g21,Filter,12/3/2015
1b11,Filter,11/29/2015
2b11,Filter,11/27/2015
3b11,Filter,NA
4b11,Filter,NA
5h21,Filter,11/29/2015
6h21,Filter,12/1/2015
7h21,Filter,11/27/2015
8h21,Filter,12/3/2015
